"tp_title","tpf_title","tcd_title","nwp_tc_id","nwp_title","val_env","automation","nwp_cmd","dmr_cmd","all_dmr_cmds","tr_count","dmr_tr_date"
"[NWP PM] RAPL (Running Average Power Limit","[NWP PM] Socket RAPL","Socket RAPL Algorithm & Functionality Verification","22022421962","RAPL Cold TDP checkout","virtual_platform","yes","python runPmx.py -x dmr.xml -p cpu_rapl -tM 6 -M 3","thermalManagement.py","thermalManagement.py","1","2025-07-11"
"[NWP PM] RAPL (Running Average Power Limit","[NWP PM] Socket RAPL","Socket RAPL Cross-products","22022421995","RAPL X Security (Mistletoe PRT) - Verification of Energy Fuzzing","virtual_platform","yes","python runPmx.py -x dmr.xml -p cpu_rapl -tM 6 -M 3","mem_thermals_debug.py","mem_thermals_debug.py","1","2025-01-28"
"[NWP PM] RAPL (Running Average Power Limit","[NWP PM] Socket RAPL","Socket RAPL Cross-products","22022422010","Socket rapl x Pmax","virtual_platform","yes","python runPmx.py -x dmr.xml -p cpu_rapl -tM 6 -M 3","thermalManagement.py","thermalManagement.py","1","2025-07-11"
"[NWP PM] RAPL (Running Average Power Limit","[NWP PM] Socket RAPL","Socket RAPL Cross-products","22022422013","Socket rapl x Prochot","virtual_platform","yes","python runPmx.py -x dmr.xml -p cpu_rapl -tM 6 -M 3","thermalManagement.py","thermalManagement.py","1","2025-07-11"
"[NWP PM] RAPL (Running Average Power Limit","[NWP PM] Socket RAPL","Socket RAPL Cross-products","22022422015","Socket rapl x SST TF","virtual_platform","yes","python runPmx.py -x dmr.xml -p cpu_rapl -tM 6 -M 3","thermalManagement.py","thermalManagement.py","1","2025-07-11"
"[NWP PM] RAPL (Running Average Power Limit","[NWP PM] Socket RAPL","Socket RAPL Fuse and Bios knobs","22022422018","RAPL BIOS Knobs Verification","silicon,virtual_platform","yes","flexconPM","flexconPM","flexconPM | thermalManagement.py","2","2025-08-28"
"[NWP PM] RAPL (Running Average Power Limit","[NWP PM] Socket RAPL","Socket RAPL Registers Verification - CSR and TPMI","22022422029","RAPL MSR checks - Negative test case","silicon,virtual_platform","yes","python runPmx.py -x dmr.xml -p cpu_rapl -tM 6 -M 3","pythonsv","mem_thermals_debug.py | pythonsv","2","2025-08-28"
"[NWP PM] RAPL (Running Average Power Limit","[NWP PM] Socket RAPL","Socket RAPL SVID Reporting Verification","22022422042","RAPL IMON Addressing and Telemetry","silicon,virtual_platform","yes","python runPmx.py -x dmr.xml -p cpu_rapl -tM 6 -M 3","python runPmx.py -x dmr.xml -p cpu_rapl -tM 6 -M 3","python runPmx.py -x dmr.xml -p cpu_rapl -tM 6 -M 3 | thermalManagement.py","19","2026-06-30"
"[NWP PM] Power Control (SIMPL/PMAX/SVID)","[NWP PM] PMAX (Maximum Power Protection)","MT Pmax Verification","22022421764","PMAX CONTROL Register Verification","silicon,virtual_platform","yes","runPmx.py -x dmr.xml -p pmax -tM 60","pmax_pmx.py","pmax_pmx.py | thermalManagement.py","2","2025-09-20"
"[NWP PM] Power Control (SIMPL/PMAX/SVID)","[NWP PM] PMAX (Maximum Power Protection)","MT Pmax Verification","22022421770","[Silicon Only]: PMAX Soft Throttle Verification using FT PMAX INJECT","silicon,virtual_platform","yes","runPmx.py -x dmr.xml -p pmax -tM 60","pmax_pmx.py","pmax_pmx.py | thermalManagement.py","2","2025-08-28"
"[NWP PM] Power Control (SIMPL/PMAX/SVID)","[NWP PM] PMAX (Maximum Power Protection)","MT Pmax Verification","22022421775","[Silicon Only]PMAX Hard Throttle Verification using Global PMAX Inject","silicon,virtual_platform","yes","runPmx.py -x dmr.xml -p pmax -tM 60","pmax_pmx.py","pmax_pmx.py | thermalManagement.py","2","2025-09-20"
"[NWP PM] Power Control (SIMPL/PMAX/SVID)","[NWP PM] PMAX (Maximum Power Protection)","PL4 Verification","22022421777","PL4 Fuses Verification","silicon,virtual_platform","yes","flexconPM.py","pmax_pmx.py","pmax_pmx.py | thermalManagement.py","2","2025-09-30"
"[NWP PM] Power Control (SIMPL/PMAX/SVID)","[NWP PM] PMAX (Maximum Power Protection)","PL4 Verification","22022421778","PL4 Perf Limit Verification","silicon,virtual_platform","yes","runPmx.py -x dmr.xml -p pmax -tM 60","pmax_pmx.py","pmax_pmx.py | thermalManagement.py","2","2025-08-28"
"[NWP PM] Power Control (SIMPL/PMAX/SVID)","[NWP PM] PMAX (Maximum Power Protection)","PL4 Verification","22022421782","PL4 Power Limit Register Verification","silicon,virtual_platform","yes","runPmx.py -x dmr.xml -p pmax -tM 60","runPmx.py -x dmr.xml -p pmax -tM 60","pmax_pmx.py | runPmx.py -x dmr.xml -p pmax -tM 60 | thermalManagement.py","25","2026-07-01"
"[NWP PM] Power Control (SIMPL/PMAX/SVID)","[NWP PM] PMAX (Maximum Power Protection)","PMAX Bios Knobs Verification","22022421787","PMAX Offset and Offset Sign Bios Knob Verification","silicon,virtual_platform","no","runPmx.py -x dmr.xml -p pmax_bios -tM 60 -M 5","runPmx.py -x dmr.xml -p pmax_bios -tM 60 -M 5","runPmx.py -x dmr.xml -p pmax_bios -tM 60 -M 5 | thermalManagement.py","3","2026-01-14"
"[NWP PM] Power Control (SIMPL/PMAX/SVID)","[NWP PM] PMAX (Maximum Power Protection)","PMAX DFX Injection Verification","22022421792","[Silicon Only] PMAX DFX INJECT Register Verification using pmoncntr_0 counter (Perf Mon Counter) and throttle count","silicon,virtual_platform","no","pmax_pmx.py","pmax_pmx.py","pmax_pmx.py | thermalManagement.py","3","2026-01-17"
"[NWP PM] Power Control (SIMPL/PMAX/SVID)","[NWP PM] PMAX (Maximum Power Protection)","PMAX DFX Injection Verification","22022421794","[Silicon Only]PMAX Hard Throttle using DAC","silicon,virtual_platform","no","pmax_pmx.py","pmax_pmx.py","pmax_pmx.py | thermalManagement.py","3","2026-01-13"
"[NWP PM] Power Control (SIMPL/PMAX/SVID)","[NWP PM] SIMPL / DFC (Dynamic Frequency Control)","SIMPL Cross Products","22022421891","SIMPL Cross Cold Reset","silicon,virtual_platform","no","Covered by Reset Team","Covered by Reset Team","Covered by Reset Team","18","2026-06-25"
"[NWP PM] Power Control (SIMPL/PMAX/SVID)","[NWP PM] SIMPL / DFC (Dynamic Frequency Control)","SIMPL Cross Products","22022421894","SIMPL Cross Warm Reset","silicon,virtual_platform","no","Covered by Reset Team","Covered by Reset Team","Covered by Reset Team","18","2026-06-25"
"[NWP PM] Power Control (SIMPL/PMAX/SVID)","[NWP PM] SIMPL / DFC (Dynamic Frequency Control)","SIMPL Fuse Verification","22022421902","SIMPL - All Fuses Verification","silicon,virtual_platform","yes","flexconPM.py","import pm.Active_PM.Power.simpl.simpl as simpl

simpl.simpl_fuses_cbb()

simpl.simpl_fuses_imh()","import pm.Active_PM.Power.simpl.simpl as simpl

simpl.simpl_fuses_cbb()

simpl.simpl_fuses_imh() | thermalManagement.py","2","2025-09-14"
"[NWP PM] Power Control (SIMPL/PMAX/SVID)","[NWP PM] SIMPL / DFC (Dynamic Frequency Control)","SIMPL Policy Verification","22022421906","SIMPL Policy 0 Verification","silicon,virtual_platform","yes","runPmx.py -x dmr.xml -p simpl -tM 60","runPmx.py -x dmr.xml -p simpl -tM 60","import pm.Active_PM.Power.simpl.simpl_pmx as simpl_pmx

simpl_pmx.py --policy 0 | runPmx.py -x dmr.xml -p simpl -tM 60 | thermalManagement.py","27","2026-06-30"
"[NWP PM] Power Control (SIMPL/PMAX/SVID)","[NWP PM] SIMPL / DFC (Dynamic Frequency Control)","SIMPL Policy Verification","22022421909","SIMPL Policy 1 Verification","silicon,virtual_platform","yes","import pm.Active_PM.Power.simpl.simpl_pmx as simpl_pmx

simpl_pmx.py --policy1","import pm.Active_PM.Power.simpl.simpl_pmx as simpl_pmx

simpl_pmx.py --policy1","import pm.Active_PM.Power.simpl.simpl_pmx as simpl_pmx

simpl_pmx.py --policy1 | thermalManagement.py","2","2025-06-20"
"[NWP PM] Power Control (SIMPL/PMAX/SVID)","[NWP PM] SIMPL / DFC (Dynamic Frequency Control)","SIMPL Policy Verification","22022421910","SIMPL Policy 2 Verification","virtual_platform","yes","import pm.Active_PM.Power.simpl.simpl_pmx as simpl_pmx

simpl_pmx.py --policy2","import pm.Active_PM.Power.simpl.simpl_pmx as simpl_pmx

simpl_pmx.py --policy2","import pm.Active_PM.Power.simpl.simpl_pmx as simpl_pmx

simpl_pmx.py --policy2 | thermalManagement.py","2","2025-05-14"
"[NWP PM] Power Control (SIMPL/PMAX/SVID)","[NWP PM] SIMPL / DFC (Dynamic Frequency Control)","SIMPL Policy Verification","22022421912","SIMPL Policy 3 Verification","virtual_platform","yes","import pm.Active_PM.Power.simpl.simpl_pmx as simpl_pmx

simpl_pmx.py --policy 3","import pm.Active_PM.Power.simpl.simpl_pmx as simpl_pmx

simpl_pmx.py --policy 3","import pm.Active_PM.Power.simpl.simpl_pmx as simpl_pmx

simpl_pmx.py --policy 3 | thermalManagement.py","2","2025-05-14"
"[NWP PM] Power Control (SIMPL/PMAX/SVID)","[NWP PM] SIMPL / DFC (Dynamic Frequency Control)","SIMPL Policy Verification","22022421914","SIMPL Policy asymmetric workload","virtual_platform","no","runPmx.py -x dmr.xml -p simpl -tM 60","runPmx.py -x dmr.xml -p simpl -tM 60","runPmx.py -x dmr.xml -p simpl -tM 60 | thermalManagement.py","5","2026-06-25"
"[NWP PM] Power Control (SIMPL/PMAX/SVID)","[NWP PM] SVID (Serial Voltage ID)","SVID Basic functionality Verification","22022421917","SVID Basic commands functionality Verification","silicon,virtual_platform","yes","python runPmx.py -x dmr.xml -p svid -p core_power -tM 60 -M 5","python runPmx.py -x dmr.xml -p svid -tM 6 -M 3","python runPmx.py -x dmr.xml -p svid -tM 6 -M 3 | svid.py | thermalManagement.py","10","2026-05-21"
"[NWP PM] Power Control (SIMPL/PMAX/SVID)","[NWP PM] SVID (Serial Voltage ID)","SVID Basic functionality Verification","22022421920","SVID Registers Verification","silicon,virtual_platform","yes","python runPmx.py -x dmr.xml -p svid -p core_power -tM 60 -M 5","svid.py","svid.py | thermalManagement.py","2","2025-07-08"
"[NWP PM] Power Control (SIMPL/PMAX/SVID)","[NWP PM] SVID (Serial Voltage ID)","SVID Mapping/Priority Verification","22022421922","SVID Addressing Verification","silicon,virtual_platform","yes","python runPmx.py -x dmr.xml -p svid -p core_power -tM 60 -M 5","svid.py","svid.py | thermalManagement.py","2","2025-09-02"
"[NWP PM] Power Control (SIMPL/PMAX/SVID)","[NWP PM] SVID (Serial Voltage ID)","SVID Telemetry Verification","22022421924","SVID Imon telemetry Verification","silicon,virtual_platform","yes","python runPmx.py -x dmr.xml -p svid -p core_power -tM 60 -M 5","svid.py","svid.py | thermalManagement.py","2","2025-09-11"
"[NWP PM] Power Control (SIMPL/PMAX/SVID)","[NWP PM] SVID (Serial Voltage ID)","SVID Telemetry Verification","22022421926","SVID Pmon Telemetry Verification","silicon,virtual_platform","yes","python runPmx.py -x dmr.xml -p svid -p core_power -tM 60 -M 5","svid.py,PMON","svid.py,PMON | thermalManagement.py","2","2025-09-10"
"[NWP PM] C-State (PantherCove PNC)","[NWP PM] Core C1/C6 (Entry/Exit/Residency)","CState C6 basic functionality","22022423030","CState Bios_knobs checkout","silicon,virtual_platform","yes","flexconPM.xml","flexconPM.xml","flexconPM.xml","2","2025-08-29"
"[NWP PM] C-State (PantherCove PNC)","[NWP PM] Core C1/C6 (Entry/Exit/Residency)","CState C6 basic functionality","22022423032","CState C6 residency check","silicon,virtual_platform","yes","runPmx.py -x dmr.xml -p cstates -H 1 -M 5","runPmx.py -x dmr.xml -p cstates -H 1 -M 5","ccx_residency_check.py | runPmx.py -x dmr.xml -p cstates -H 1 -M 5","25","2026-06-25"
"[NWP PM] C-State (PantherCove PNC)","[NWP PM] Core C1/C6 (Entry/Exit/Residency)","CState C6 basic functionality","22022423036","CState C6 residency counters and CStates residency KPI","silicon,virtual_platform","yes","runPmx.py -x dmr.xml -p cstates -H 1 -M 5","ccx_residency_check.py","ccx_residency_check.py | pm/Solar/SOLAR_DMR_XMLS/Exercise/CSTATES","2","2025-10-29"
"[NWP PM] C-State (PantherCove PNC)","[NWP PM] Core C1/C6 (Entry/Exit/Residency)","CState C6 basic functionality","22022423038","CState MSR Control","silicon,virtual_platform","yes","runPmx.py -x dmr.xml -p cstates -H 1 -M 5","ccx_residency_check.py, pythonsv","ccx_residency_check.py, pythonsv","2","2025-08-25"
"[NWP PM] C-State (PantherCove PNC)","[NWP PM] Core C1/C6 (Entry/Exit/Residency)","CState C6 basic functionality","22022423042","Enable PEGA C-States","silicon,virtual_platform","yes","runPmx.py -x dmr.xml -p pega -H 1 -M 5","runPmx.py -x dmr.xml -p pega -H 1 -M 5","pm/Solar/SOLAR_DMR_XMLS/Exercise/CSTATES | pm\pmutils\pega.py | runPmx.py -x dmr.xml -p pega -H 1 -M 5","25","2026-06-25"
"[NWP PM] C-State (PantherCove PNC)","[NWP PM] Core C1/C6 (Entry/Exit/Residency)","CState C6 basic functionality","22022423047","[Solar] CStates - CStates_unsupported -- Exercise","virtual_platform","yes","/usr/bin/solar/solar.sh /cfg /usr/lib/python3/dist-packages/diamondrapids/pm/Solar/SOLAR_DMR_XMLS/Exercise/CSTATES/Cstates_unsupported_Mwait_exercise.xml /logpath . /log_ip_disables","/usr/bin/solar/solar.sh /cfg /usr/lib/python3/dist-packages/diamondrapids/pm/Solar/SOLAR_DMR_XMLS/Exercise/CSTATES/Cstates_unsupported_Mwait_exercise.xml /logpath . /log_ip_disables","/usr/bin/solar/solar.sh /cfg /usr/lib/python3/dist-packages/diamondrapids/pm/Solar/SOLAR_DMR_XMLS/Exercise/CSTATES/Cstates_unsupported_Mwait_exercise.xml /logpath . /log_ip_disables | pm/Solar/SOLAR_DMR_XMLS/Exercise/CSTATES","9","2026-03-23"
"[NWP PM] C-State (PantherCove PNC)","[NWP PM] Core C1/C6 (Entry/Exit/Residency)","CState C6 basic functionality","22022423050","[Solar] CStates - CStates_unsupported_Random -- Exercise","virtual_platform","yes","/usr/bin/solar/solar.sh /cfg /usr/lib/python3/dist-packages/diamondrapids/pm/Solar/SOLAR_DMR_XMLS/Exercise/CSTATES/Cstates_unsupported_Mwait_exercise.xml /logpath . /log_ip_disables","/usr/bin/solar/solar.sh /cfg /usr/lib/python3/dist-packages/diamondrapids/pm/Solar/SOLAR_DMR_XMLS/Exercise/CSTATES/Cstates_unsupported_Mwait_exercise.xml /logpath . /log_ip_disables","/usr/bin/solar/solar.sh /cfg /usr/lib/python3/dist-packages/diamondrapids/pm/Solar/SOLAR_DMR_XMLS/Exercise/CSTATES/Cstates_unsupported_Mwait_exercise.xml /logpath . /log_ip_disables","8","2026-03-31"
"[NWP PM] C-State (PantherCove PNC)","[NWP PM] Core C1/C6 (Entry/Exit/Residency)","CState C6 basic functionality","22022423053","[Solar] CStates - CStates_unsupported_Random -- Verify","virtual_platform","yes","/usr/bin/solar/solar.sh /cfg /usr/lib/python3/dist-packages/diamondrapids/pm/Solar/SOLAR_DMR_XMLS/Verify/CSTATES/Cstates_unsupported_Mwait_random_verify.xml /logpath . /log_ip_disables","/usr/bin/solar/solar.sh /cfg /usr/lib/python3/dist-packages/diamondrapids/pm/Solar/SOLAR_DMR_XMLS/Verify/CSTATES/Cstates_unsupported_Mwait_random_verify.xml /logpath . /log_ip_disables","/usr/bin/solar/solar.sh /cfg /usr/lib/python3/dist-packages/diamondrapids/pm/Solar/SOLAR_DMR_XMLS/Verify/CSTATES/Cstates_unsupported_Mwait_random_verify.xml /logpath . /log_ip_disables","9","2026-03-31"
"[NWP PM] C-State (PantherCove PNC)","[NWP PM] Core C1/C6 (Entry/Exit/Residency)","CState C6 basic functionality","22022423057","[Solar]_CStates-CStates_unsupported--Verify","virtual_platform","yes","/usr/bin/solar/solar.sh /cfg /usr/lib/python3/dist-packages/diamondrapids/pm/Solar/SOLAR_DMR_XMLS/Verify/CSTATES/Cstates_unsupported_Mwait_verify.xml /logpath . /log_ip_disables","/usr/bin/solar/solar.sh /cfg /usr/lib/python3/dist-packages/diamondrapids/pm/Solar/SOLAR_DMR_XMLS/Verify/CSTATES/Cstates_unsupported_Mwait_verify.xml /logpath . /log_ip_disables","/usr/bin/solar/solar.sh /cfg /usr/lib/python3/dist-packages/diamondrapids/pm/Solar/SOLAR_DMR_XMLS/Verify/CSTATES/Cstates_unsupported_Mwait_verify.xml /logpath . /log_ip_disables","8","2026-03-31"
"[NWP PM] C-State (PantherCove PNC)","[NWP PM] Core C1/C6 (Entry/Exit/Residency)","CState Entry Actions","22022423062","CState Entry Actions: Verify Flow C6A","silicon,virtual_platform","yes","runPmx.py -x dmr.xml -p cstates -H 1 -M 5","pm\focus\cstate_focus.py","pm/Solar/SOLAR_DMR_XMLS/Exercise/CSTATES | pm\focus\cstate_focus.py","2","2025-09-08"
"[NWP PM] C-State (PantherCove PNC)","[NWP PM] Core C1/C6 (Entry/Exit/Residency)","CState Entry Actions","22022423064","CState Entry Actions: Verify Flow C6S","silicon,virtual_platform","yes","runPmx.py -x dmr.xml -p cstates -H 1 -M 5","pm\focus\cstate_focus.py","pm/Solar/SOLAR_DMR_XMLS/Exercise/CSTATES | pm\focus\cstate_focus.py","2","2025-09-08"
"[NWP PM] C-State (PantherCove PNC)","[NWP PM] Core C1/C6 (Entry/Exit/Residency)","CState Entry Actions","22022423067","CState Entry Actions: Verify flow C6S-P","silicon,virtual_platform","yes","runPmx.py -x dmr.xml -p cstates -H 1 -M 5","pm\focus\cstate_focus.py","pm/Solar/SOLAR_DMR_XMLS/Exercise/CSTATES | pm\focus\cstate_focus.py","2","2025-09-08"
"[NWP PM] C-State (PantherCove PNC)","[NWP PM] Core C1/C6 (Entry/Exit/Residency)","CState Exit Actions","22022423070","CState Exit Actions: verify flow C6A","silicon,virtual_platform","yes","runPmx.py -x dmr.xml -p cstates -H 1 -M 5","pm\focus\cstate_focus.py","pm/Solar/SOLAR_DMR_XMLS/Exercise/CSTATES | pm\focus\cstate_focus.py","2","2025-09-08"
"[NWP PM] C-State (PantherCove PNC)","[NWP PM] Core C1/C6 (Entry/Exit/Residency)","CState Exit Actions","22022423074","CState Exit Actions: verify flow C6S","silicon,virtual_platform","yes","runPmx.py -x dmr.xml -p cstates -H 1 -M 5","pm\focus\cstate_focus.py","pm/Solar/SOLAR_DMR_XMLS/Exercise/CSTATES | pm\focus\cstate_focus.py","2","2025-09-08"
"[NWP PM] C-State (PantherCove PNC)","[NWP PM] Core C1/C6 (Entry/Exit/Residency)","CState Exit Actions","22022423076","CState Exit Actions: verify flow C6S-P","silicon,virtual_platform","yes","runPmx.py -x dmr.xml -p cstates -H 1 -M 5","pm\focus\cstate_focus.py","pm/Solar/SOLAR_DMR_XMLS/Exercise/CSTATES | pm\focus\cstate_focus.py","2","2025-09-08"
"[NWP PM] C-State (PantherCove PNC)","[NWP PM] Core C1/C6 (Entry/Exit/Residency)","CState Exit Actions","22022423078","CState Exit Actions: verify flow MC6","silicon,virtual_platform","yes","runPmx.py -x dmr.xml -p cstates -H 1 -M 5","pm\focus\cstate_focus.py","pm\focus\cstate_focus.py","2","2025-09-24"
"[NWP PM] C-State (PantherCove PNC)","[NWP PM] Core C1/C6 (Entry/Exit/Residency)","CStates C1 residency counter","22022423079","CStates C1 residency counter","silicon,virtual_platform","yes","runPmx.py -x dmr.xml -p cstates -H 1 -M 5","pm\focus\cstate_focus.py ccx_residency_check.py","pm/Solar/SOLAR_DMR_XMLS/Exercise/CSTATES | pm\focus\cstate_focus.py ccx_residency_check.py","2","2025-08-25"
"[NWP PM] C-State (PantherCove PNC)","[NWP PM] Fast C1E","CState Fast C1E: C1E autopromotion","22022423091","CState Fast C1E: bios_knob C1E autopromotion_silicon","silicon,virtual_platform","yes","flexconPM.xml","ccx_residency_check.py","ccx_residency_check.py","2","2025-08-30"
"[NWP PM] C-State (PantherCove PNC)","[NWP PM] Fast C1E","CState Fast C1E: C1E start/end flow","22022423093","CState Fast C1E: Entry flow_silicon","silicon,virtual_platform","yes","runPmx.py -x dmr.xml -p cstates -H 1 -M 5","pm\focus\cstate_focus.py","pm/Solar/SOLAR_DMR_XMLS/Exercise/CSTATES | pm\focus\cstate_focus.py","2","2025-10-23"
"[NWP PM] C-State (PantherCove PNC)","[NWP PM] Fast C1E","CState Fast C1E: C1E start/end flow","22022423096","CState Fast C1E: Exit flow_silicon","silicon,virtual_platform","yes","runPmx.py -x dmr.xml -p cstates -H 1 -M 5","pm\focus\cstate_focus.py","pm/Solar/SOLAR_DMR_XMLS/Exercise/CSTATES | pm\focus\cstate_focus.py","2","2025-10-23"
"[NWP PM] C-State (PantherCove PNC)","[NWP PM] Fast C1E","CState Fast C1E: C1E start/end flow","22022423099","CState Fast C1E: registers_checks_silicon","silicon,virtual_platform","yes","runPmx.py -x dmr.xml -p cstates -H 1 -M 5","pm\focus\cstate_focus.py,pythonsv","pm/Solar/SOLAR_DMR_XMLS/Exercise/CSTATES | pm\focus\cstate_focus.py,pythonsv","2","2025-08-30"
"[NWP PM] C-State (PantherCove PNC)","[NWP PM] C-State Demotion/Undemotion","CStates: C6/C1 Demotion/Undemotion Configuration","22022423086","CStates: Demotion/Undemotion: CLOCK_CST_CONFIG_CONTROL_MSR(0XE2) silicon","virtual_platform","no","pm\focus\cstate_focus.py","pm\focus\cstate_focus.py","pm/Solar/SOLAR_DMR_XMLS/Exercise/CSTATES | pm\focus\cstate_focus.py","2","2026-01-14"
"[NWP PM] C-State (PantherCove PNC)","[NWP PM] C-State Demotion/Undemotion","CStates: C6/C1 Demotion/Undemotion Configuration","22022423087","CStates: Demotion: Acode interaction_silicon","virtual_platform","no","pm\focus\cstate_focus.py","pm\focus\cstate_focus.py","pm\focus\cstate_focus.py","3","2026-06-25"
"[NWP PM] C-State (PantherCove PNC)","[NWP PM] Module C-States (Core→Module)","CStates MC6 residency counter","22022423069","CState Entry Actions: Verify flow MC6","silicon,virtual_platform","yes","runPmx.py -x dmr.xml -p cstates -H 1 -M 5","pm\focus\cstate_focus.py","pm\focus\cstate_focus.py","2","2025-09-24"
"[NWP PM] C-State (PantherCove PNC)","[NWP PM] Module C-States (Core→Module)","CStates MC6 residency counter","22022423081","CStates MC6 residency counter  and flow check","silicon,virtual_platform","yes","runPmx.py -x dmr.xml -p cstates -H 1 -M 5","pm\focus\cstate_focus.py","pm\focus\cstate_focus.py","2","2025-08-30"
"[NWP PM] C-State (PantherCove PNC)","[NWP PM] C-State Cross Products & PMX","PMX","22022423106","PMX ccx_test","virtual_platform","yes","runPmx.py -x dmr.xml -p cstates -H 1 -M 5","runPmx.py -x dmr.xml -p cstates -H 1 -M 5","runPmx.py -x dmr.xml -p cstates -H 1 -M 5","7","2025-09-20"
"[NWP PM] C-State (PantherCove PNC)","[NWP PM] C-State Cross Products & PMX","Solar","22022423108","[Solar] CStates - CStates_AnyCore -- Exercise","silicon,virtual_platform","yes","/usr/bin/solar/solar.sh /cstate -scope 0:0:100 -states C1,C6  -mode e /logpath . /log_ip_disables","/usr/bin/solar/solar.sh /cstate -scope 0:0:100 -states C1,C6  -mode e /logpath . /log_ip_disables","/usr/bin/solar/solar.sh /cstate -scope 0:0:100 -states C1,C6  -mode e /logpath . /log_ip_disables | pm/Solar/SOLAR_DMR_XMLS/Exercise/CSTATES","11","2026-03-22"
"[NWP PM] C-State (PantherCove PNC)","[NWP PM] C-State Cross Products & PMX","Solar","22022423109","[Solar] CStates - CStates_AnyCore_Random -- Exercise","virtual_platform","yes","/usr/bin/solar/solar.sh /cstate -scope 0:0:100 -states C1,C6 -r -mode e /logpath . /log_ip_disables","/usr/bin/solar/solar.sh /cstate -scope 0:0:100 -states C1,C6 -r -mode e /logpath . /log_ip_disables","/usr/bin/solar/solar.sh /cstate -scope 0:0:100 -states C1,C6 -r -mode e /logpath . /log_ip_disables | pm/Solar/SOLAR_DMR_XMLS/Exercise/CSTATES","10","2026-03-31"
"[NWP PM] C-State (PantherCove PNC)","[NWP PM] C-State Cross Products & PMX","Solar","22022423110","[Solar] CStates - CStates_AnyCore_Random -- Verify","virtual_platform","yes","/usr/bin/solar/solar.sh /cstate -scope 0:0:100 -states C1,C6 -r -mode v /logpath . /log_ip_disables","/usr/bin/solar/solar.sh /cstate -scope 0:0:100 -states C1,C6 -r -mode v /logpath . /log_ip_disables","/usr/bin/solar/solar.sh /cstate -scope 0:0:100 -states C1,C6 -r -mode v /logpath . /log_ip_disables | pm/Solar/SOLAR_DMR_XMLS/Exercise/CSTATES","10","2026-03-23"
"[NWP PM] C-State (PantherCove PNC)","[NWP PM] C-State Cross Products & PMX","Solar","22022423113","[Solar]_CStates-CStates_AnyCore--Verify","virtual_platform","yes","/usr/bin/solar/solar.sh /cstate -scope 0:0:100 -states C1,C6 -mode v /logpath . /log_ip_disables","/usr/bin/solar/solar.sh /cstate -scope 0:0:100 -states C1,C6 -mode v /logpath . /log_ip_disables","/usr/bin/solar/solar.sh /cstate -scope 0:0:100 -states C1,C6 -mode v /logpath . /log_ip_disables | pm/Solar/SOLAR_DMR_XMLS/Exercise/CSTATES","16","2026-06-30"
"[NWP PM] P-State / HWP (PNC Core)","Pstate Legacy","Legacy Pstate Bios cofigurations","22022422219","Legacy Pstate Bios cofigurations","virtual_platform","yes","flexcon","thermalManagement.py","thermalManagement.py","1","2024-12-03"
"[NWP PM] P-State / HWP (PNC Core)","Pstate Legacy","Legacy Pstate Interfaces","22022422222","Core Pstates through PEGA","silicon,virtual_platform","yes","runPmx.py -x dmr.xml -p pstates_check -tM 6","pm.Active_PM.Pstate_Stack.pstates.py","pm.Active_PM.Pstate_Stack.pstates.py | thermalManagement.py","2","2026-01-16"
"[NWP PM] P-State / HWP (PNC Core)","Pstate Legacy","Legacy Pstate Interfaces","22022422224","Legacy_Pstate_through_MSR","silicon,virtual_platform","yes","runPmx.py -x dmr.xml -p pstates_check -tM 6","runPmx.py -x dmr.xml -p pstates_check -tM 6","pm.Active_PM.Pstate_Stack.pstates.py | python3 /usr/lib/python3/dist-packages/diamondrapids/pm/pmx/runPmx.py -x dmr.xml -p pstates_check -tM 6 | runPmx.py -x dmr.xml -p pstates_check -tM 6 | thermalManagement.py","28","2026-07-01"
"[NWP PM] P-State / HWP (PNC Core)","Pstate Legacy","Legacy Pstate Scenarios","22022422228","Legacy Pstate Scenarios: core random frequency with traffic","silicon,virtual_platform","yes","runPmx.py -x dmr.xml -p pstates_check -p cpu_traffic -tM 6","runPmx.py -x dmr.xml -p pstates_check -p cpu_traffic -tM 6","pstates.py | runPmx.py -x dmr.xml -p pstates_check -p cpu_traffic -tM 6 | thermalManagement.py","25","2026-07-01"
"[NWP PM] P-State / HWP (PNC Core)","Pstate Legacy","Legacy Pstate Scenarios","22022422238","PEGA Core/Mesh frequency at max/min combinations w/ traffic","silicon,virtual_platform","yes","runPmx.py -x dmr.xml -p cpu_traffic -p pega_uncore -tM 6","runPmx.py -x dmr.xml -p cpu_traffic -p pega_uncore -tM 6","pega.py | runPmx.py -x dmr.xml -p cpu_traffic -p pega_uncore -tM 6 | thermalManagement.py","25","2026-06-26"
"[NWP PM] P-State / HWP (PNC Core)","Pstate Legacy","Legacy Pstate Solar","22022422242","[Solar] P-States-Legacy-P0_Pn_random","virtual_platform","yes","/usr/bin/solar/solar.sh /pstate -gvpoints P0..Pn -r /logpath .","solar","solar","4","2025-07-16"
"[NWP PM] P-State / HWP (PNC Core)","Pstate Legacy","Legacy Pstate TSC accuracy, PCNT, ACNT, MCNT","22022422250","Legacy Pstate TSC accuracy, PCNT, ACNT, MCNT_silicon","silicon,virtual_platform","yes","runPmx.py -x dmr.xml -p pstates_check -tM 6","pm.pmutils.pstatesDebug.POcheckout.check_counters","pm.pmutils.pstatesDebug.POcheckout.check_counters | thermalManagement.py","2","2025-08-26"
"[NWP PM] P-State / HWP (PNC Core)","Pstate-Core ICCP","ICCP: License request and grant flow","22022422262","ICCP:  AMX License request and grant flow","silicon,virtual_platform","yes","runPmx.py -x dmr.xml -p turbo -tM 60","python3 /usr/lib/python3/dist-packages/diamondrapids/pm/pmx/runPmx.py -x dmr.xml -p turbo -tM 60","python3 /usr/lib/python3/dist-packages/diamondrapids/pm/pmx/runPmx.py -x dmr.xml -p turbo -tM 60 | thermalManagement.py","2","2025-09-30"
"[NWP PM] P-State / HWP (PNC Core)","Pstate-Core ICCP","ICCP: License request and grant flow","22022422266","ICCP:  AVX 256 License request and grant flow","virtual_platform","yes","runPmx.py -x dmr.xml -p turbo -tM 60","thermalManagement.py","thermalManagement.py","1","2024-11-13"
"[NWP PM] P-State / HWP (PNC Core)","Pstate-Core ICCP","ICCP: License request and grant flow","22022422267","ICCP:  AVX 512 License request and grant flow","virtual_platform","yes","runPmx.py -x dmr.xml -p turbo -tM 60","thermalManagement.py","thermalManagement.py","1","2024-11-13"
"[NWP PM] P-State / HWP (PNC Core)","Pstate-Core ICCP","ICCP: License request and grant flow","22022422270","ICCP:  Min_ICCP_Level  B2P MB Functionality","silicon,virtual_platform","yes","runPmx.py -x dmr.xml -p turbo -tM 60","sst_tf.py","python3 /usr/lib/python3/dist-packages/diamondrapids/pm/pmx/runPmx.py -x dmr.xml -p turbo -tM 60 | sst_tf.py | thermalManagement.py","3","2025-09-02"
"[NWP PM] P-State / HWP (PNC Core)","Pstate-DCM FIT","DCM FIT","22022422273","DCM FIT","silicon,virtual_platform","yes","runPmx.py -x dmr.xml -p fit_check -tM 60","runPmx.py -x dmr.xml -p fit_check -tM 60","runPmx.py -x dmr.xml -p fit_check -tM 60","25","2026-06-25"
"[NWP PM] P-State / HWP (PNC Core)","Pstate-EPB , SAPM - DLL and EET","EPB and SAPM - DLL","22022422281","EPB check","silicon,virtual_platform","yes","runPmx.py -x dmr.xml -p epb -tM 60","runPmx.py -x dmr.xml -p epb -tM 60","python3 /usr/lib/python3/dist-packages/diamondrapids/pm/pmx/runPmx.py -x dmr.xml -p epb -tM 60 | runPmx.py -x dmr.xml -p epb -tM 60 | thermalManagement.py","12","2026-03-31"
"[NWP PM] P-State / HWP (PNC Core)","Pstate-EPB , SAPM - DLL and EET","EPB and SAPM - DLL","22022422284","SAPM-DLL check","silicon,virtual_platform","yes","runPmx.py -x dmr.xml -p sapmdll -tM 60","runPmx.py -x dmr.xml -p sapmdll -tM 60","python3 /usr/lib/python3/dist-packages/diamondrapids/pm/pmx/runPmx.py -x dmr.xml -p sapmdll -tM 60 | runPmx.py -x dmr.xml -p sapmdll -tM 60 | thermalManagement.py","27","2026-06-25"
"[NWP PM] P-State / HWP (PNC Core)","Pstate-HWP","HWP Native mode","22022422298","HWP Autonomous P-state Selection (APS)","silicon,virtual_platform","yes","runPmx.py -x dmr.xml -p hwpm_aps_check -tM 60","runPmx.py -x dmr.xml -p hwpm_aps_check -tM 60","python3 /usr/lib/python3/dist-packages/diamondrapids/pm/pmx/runPmx.py -x dmr.xml -p hwpm_apb -tM 60 | runPmx.py -x dmr.xml -p hwpm_aps_check -tM 60 | thermalManagement.py","27","2026-06-30"
"[NWP PM] P-State / HWP (PNC Core)","Pstate-HWP","HWP Native mode","22022422301","HWP Bios configuration","virtual_platform","yes","flexcon","thermalManagement.py","thermalManagement.py","1","2024-12-03"
"[NWP PM] P-State / HWP (PNC Core)","Pstate-HWP","HWP Native mode","22022422303","HWP EPP resolution","virtual_platform","yes","runPmx.py -x dmr.xml -p hwpm_check -tM 60","runPmx.py -x dmr.xml -p hwpm_check -tM 60","runPmx.py -x dmr.xml -p hwpm_check -tM 60 | thermalManagement.py","24","2026-07-01"
"[NWP PM] P-State / HWP (PNC Core)","Pstate-HWP","HWP Native mode","22022422305","HWP Functionality with OS Optin","virtual_platform","yes","runPmx.py -x dmr.xml -p hwpm_check -tM 60","hwp_knobs_check.py","hwp_knobs_check.py","1","2024-12-03"
"[NWP PM] P-State / HWP (PNC Core)","Pstate-HWP","HWP Native mode","22022422309","HWP Fuse Checks","silicon,virtual_platform","yes","flexcon","hwp_fuses.py","hwp_fuses.py | thermalManagement.py","2","2025-09-05"
"[NWP PM] P-State / HWP (PNC Core)","Pstate-HWP","HWP Native mode","22022422311","HWP Interruptions","silicon,virtual_platform","yes","runPmx.py -x dmr.xml -p hwpm_check -tM 60","HWP_Interrupt.py","HWP_Interrupt.py | thermalManagement.py","2","2025-08-26"
"[NWP PM] P-State / HWP (PNC Core)","Pstate-HWP","HWP Native mode","22022422312","HWP_Package_level_and_thread_level_cross_product","silicon,virtual_platform","yes","runPmx.py -x dmr.xml -p hwpm_check -tM 60","hwpm_pmx.py","hwpm_pmx.py | thermalManagement.py","5","2025-08-26"
"[NWP PM] P-State / HWP (PNC Core)","Pstate-HWP","HWP Native mode","22022422317","[Solar] P-States-HWP-P0_PN_random","virtual_platform","yes","/usr/bin/solar/solar.sh /hwp -hwpoints P1..Pn -r /logpath .","solar","solar","2","2025-02-13"
"[NWP PM] P-State / HWP (PNC Core)","Pstate-HWP","HWP OOB Mode","22022422318","HWP OOB Mode Bios configuration","silicon,virtual_platform","yes","Flexcon","hwp_knobs_check.py","hwp_knobs_check.py | thermalManagement.py","2","2025-08-26"
"[NWP PM] P-State / HWP (PNC Core)","Pstate-HWP","HWP OOB Mode","22022422326","HWP OOB Mode EPP resolution","virtual_platform","yes","runPmx.py -x dmr.xml -p hwpm_check -tM 60","thermalManagement.py","thermalManagement.py","1","2024-12-04"
"[NWP PM] P-State / HWP (PNC Core)","Pstate-HWP","HWP OOB Mode","22022422332","HWP OOB Mode HWP Autonomous P-state Selection (APS)","virtual_platform","yes","runPmx.py -x dmr.xml -p hwpm_aps_check -tM 60","thermalManagement.py","thermalManagement.py","1","2025-07-12"
"[NWP PM] P-State / HWP (PNC Core)","Pstate-HWP","HWP OOB Mode","22022422337","HWP OOB Mode Turbo Disabled Request Resolution","virtual_platform","yes","runPmx.py -x dmr.xml -p hwpm_oob_turbo_dis -tM 60","runPmx.py -x dmr.xml -p hwpm_oob_turbo_dis -tM 60","runPmx.py -x dmr.xml -p hwpm_oob_turbo_dis -tM 60","8","2026-05-16"
"[NWP PM] P-State / HWP (PNC Core)","[NWP] [PM] P-State Operating Range & Frequency Configuration Validation","Flex ratio configuration and functionality","22022422287","Flex ratio configuration and functionality","silicon,virtual_platform","yes","flexcon","flex_ratio_knobs.py","flex_ratio_knobs.py","2","2025-09-23"
"[NWP PM] P-State / HWP (PNC Core)","[NWP] [PM] P-State Operating Range & Frequency Configuration Validation","Flex ratio configuration and functionality","22022422292","Flex ratio configuration and functionality X SST","virtual_platform","yes","runPmx.py -x dmr.xml -p sst_pp -tM 60 --retry_count 2","runPmx.py -x dmr.xml -p sst_pp -tM 60 --retry_count 2","runPmx.py -x dmr.xml -p sst_pp -tM 60 --retry_count 2 | thermalManagement.py","25","2026-07-02"
"[NWP PM] P-State / HWP (PNC Core)","[NWP] [PM] P-State Operating Range & Frequency Configuration Validation","Guaranteed Ratio resolving","22022422296","Guaranteed Ratio resolving","virtual_platform","yes","runPmx.py -x dmr.xml -p sst_pp -tM 60 --retry_count 2","thermalManagement.py","thermalManagement.py","1","2024-12-06"
"[NWP PM] P-State / HWP (PNC Core)","[NWP] [PM] P-State Operating Range & Frequency Configuration Validation","Turbo functionality - Pstate Turbo Mode","22022422414","Turbo C C6S-P","silicon,virtual_platform","yes","runPmx.py -x dmr.xml -p turbo -tM 60","turbo_check.py","turbo_check.py","1","2025-09-29"
"[NWP PM] P-State / HWP (PNC Core)","[NWP] [PM] P-State Operating Range & Frequency Configuration Validation","Turbo functionality - Pstate Turbo Mode","22022422421","Turbo X C1e","silicon,virtual_platform","yes","runPmx.py -x dmr.xml -p turbo -tM 60","python3 /usr/lib/python3/dist-packages/diamondrapids/pm/pmx/runPmx.py -x dmr.xml -p turbo -tM 60","python3 /usr/lib/python3/dist-packages/diamondrapids/pm/pmx/runPmx.py -x dmr.xml -p turbo -tM 60","1","2025-09-12"
"[NWP PM] P-State / HWP (PNC Core)","[NWP] [PM] P-State Operating Range & Frequency Configuration Validation","Turbo functionality - Pstate Turbo Mode","22022422425","Turbo X C6A","silicon,virtual_platform","yes","runPmx.py -x dmr.xml -p turbo -tM 60","turbo_check.py","turbo_check.py","1","2025-09-12"
"[NWP PM] P-State / HWP (PNC Core)","[NWP] [PM] P-State Operating Range & Frequency Configuration Validation","Turbo functionality - Pstate Turbo Mode","22022422430","Turbo X C6S","silicon,virtual_platform","yes","runPmx.py -x dmr.xml -p turbo -tM 60","turbo_check.py","turbo_check.py","1","2025-09-12"
"[NWP PM] P-State / HWP (PNC Core)","[NWP] [PM] P-State Operating Range & Frequency Configuration Validation","Turbo functionality - Pstate Turbo Mode","22022422435","Turbo configurations","silicon,virtual_platform","yes","runPmx.py -x dmr.xml -p turbo -tM 60","runPmx.py -x dmr.xml -p turbo -tM 60","python3 /usr/lib/python3/dist-packages/diamondrapids/pm/pmx/runPmx.py -x dmr.xml -p turbo -tM 60 | runPmx.py -x dmr.xml -p turbo -tM 60 | thermalManagement.py","26","2026-07-02"
"[NWP PM] P-State / HWP (PNC Core)","[NWP] [PM] P-State Operating Range & Frequency Configuration Validation","Near TDP","22022422440","Near TDP","virtual_platform","yes","runPmx.py -x dmr.xml -p neartdp_check -tM 60","runPmx.py -x dmr.xml -p neartdp_check -tM 60","runPmx.py -x dmr.xml -p neartdp_check -tM 60","8","2026-02-15"
"[NWP PM] P-State / HWP (PNC Core)","[NWP] [PM] P-State Operating Range & Frequency Configuration Validation","VF curve fuses","22022422446","VF curve fuses","silicon,virtual_platform","yes","runPmx.py -x dmr.xml -p itd_thermal  -tM 9 -M 3","runPmx.py -x dmr.xml -p itd_thermal  -tM 9 -M 3","pm.pmutils.pstatesDebug.POcheckout.vf | runPmx.py -x dmr.xml -p itd_thermal  -tM 9 -M 3 | thermalManagement.py","10","2026-04-02"
"[NWP PM] Autonomous Idle PM (AIPM)","[NWP PM] AIPM - IO Trunk Clock Gating","MIO Trunk Clock gating Boot Time Setup","22022422990","IO Trunk Clock Gating_Late QChannel and Noise QCh enabling","silicon,virtual_platform","yes","runPmx.py -x dmr.xml -p trunk_clkg -tM 6","runPmx.py -x dmr.xml -p trunk_clkg -tM 6","runPmx.py -x dmr.xml -p trunk_clkg -tM 6","11","2026-03-31"
"[NWP PM] SST (Speed Select Technology)","[NWP PM] SST-TF (Turbo Frequency)","SST-TF Enabling & discovery","22022422200","SST-TF - TPMI register check","silicon,virtual_platform","yes","runPmx.py -x dmr.xml -p sst_tf -tM 60 -M 5 --retry_count 2","runPmx.py -x dmr.xml -p sst_tf -tM 60 -M 5 --retry_count 2,bootscript","mem_thermals_debug.py | runPmx.py -x dmr.xml -p sst_tf -tM 60 -M 5 --retry_count 2,bootscript","2","2025-09-14"
"[NWP PM] SST (Speed Select Technology)","[NWP PM] SST-TF (Turbo Frequency)","SST-TF Enabling & discovery","22022422201","SST-TF - Verify dynamic enable/disable via TPMI","virtual_platform","yes","runPmx.py -x dmr.xml -p sst_tf -tM 60 -M 5 --retry_count 2","runPmx.py -x dmr.xml -p sst_tf -tM 60 -M 5 --retry_count 2","mem_thermals_debug.py | runPmx.py -x dmr.xml -p sst_tf -tM 60 -M 5 --retry_count 2","3","2025-07-15"
"[NWP PM] SST (Speed Select Technology)","[NWP PM] SST-TF (Turbo Frequency)","SST-TF Functionality","22022422212","SST-TF - All high priority cores in C6","virtual_platform","yes","runPmx.py -x dmr.xml -p sst_tf -tM 60 -M 5 --retry_count 2","mem_thermals_debug.py","mem_thermals_debug.py","1","2025-07-02"
"[NWP PM] SST (Speed Select Technology)","[NWP PM] SST-TF (Turbo Frequency)","SST-TF Functionality","22022422216","SST-TF - Validate all TF buckets without power limiting","silicon,virtual_platform","yes","runPmx.py -x dmr.xml -p sst_tf -tM 60 -M 5 --retry_count 2","runPmx.py -x dmr.xml -p sst_tf -tM 60 -M 5 --retry_count 2 , bootscript","mem_thermals_debug.py | runPmx.py -x dmr.xml -p sst_tf -tM 60 -M 5 --retry_count 2 , bootscript","2","2026-01-15"
"[NWP PM] SST (Speed Select Technology)","[NWP PM] SST-TF (Turbo Frequency)","SST-TF Fusing","22022422217","SST-TF - verify fusing","silicon,virtual_platform","yes","runPmx.py -x dmr.xml -p sst_tf -tM 60 -M 5 --retry_count 2","runPmx.py -x dmr.xml -p sst_tf -tM 60 -M 5 --retry_count 2","mem_thermals_debug.py | runPmx.py -x dmr.xml -p sst_tf -tM 60 -M 5 --retry_count 2 | runPmx.py -x dmr.xml -p sst_tf -tM 60 -M 5 --retry_count 2 ,bootscript","25","2026-06-25"
"[NWP PM] SST (Speed Select Technology)","[NWP PM] SST-PP (Perf Profile) Static","SST-PP Static Boot flow","22022422194","SST-PP Static Boot flow with OSPL","silicon","yes","runPmx.py -x dmr.xml -p sst_pp -tM 60 --retry_count 2","runPmx.py -x dmr.xml -p sst_pp -tM 60 --retry_count 2","mem_thermals_debug.py | runPmx.py -x dmr.xml -p sst_pp -tM 60 --retry_count 2","2","2025-06-20"
"[NWP PM] SST (Speed Select Technology)","[NWP PM] SST-PP (Perf Profile) Static","SST-PP Static Boot flow","22022422195","SST-PP Static Boot flow_silicon","silicon,virtual_platform","yes","runPmx.py -x dmr.xml -p sst_pp -tM 60 --retry_count 2","runPmx.py -x dmr.xml -p sst_pp -tM 60 --retry_count 2,bootscript","mem_thermals_debug.py | runPmx.py -x dmr.xml -p sst_pp -tM 60 --retry_count 2,bootscript","2","2026-01-16"
"[NWP PM] Thermal Management","[NWP PM] Socket Thermal Management","[SoC Thermal Management] ACP (Autonomous Core Perimeter)","22022421444","[ACP] Verify Configuration of Core's Temperature Target","virtual_platform","yes","thermalManagement.py","thermalManagement.py","thermalManagement.py","1","2024-12-03"
"[NWP PM] Thermal Management","[NWP PM] Socket Thermal Management","[SoC Thermal Management] ACP (Autonomous Core Perimeter)","22022421445","[ACP] Verify Core Cross Throttle","silicon,virtual_platform","yes","python runPmx.py -x dmr.xml -p emttm_thermal -tM 30 -M 6","pm.Active_pm.Thermal_Management.CPU_thermals.thermalManagement.py.thermTest","pm.Active_pm.Thermal_Management.CPU_thermals.thermalManagement.py.thermTest | thermalManagement.py","2","2025-09-13"
"[NWP PM] Thermal Management","[NWP PM] Socket Thermal Management","[SoC Thermal Management] ACP (Autonomous Core Perimeter)","22022421452","[ACP] Verify Core EMTTM Disable","virtual_platform","yes","python runPmx.py -x dmr.xml -p emttm_thermal -tM 30 -M 6","thermalManagement.py","thermalManagement.py","1","2025-01-30"
"[NWP PM] Thermal Management","[NWP PM] Socket Thermal Management","[SoC Thermal Management] ACP (Autonomous Core Perimeter)","22022421453","[ACP] Verify Core Thermal Information","virtual_platform","yes","pm.Active_pm.Thermal_Management.CPU_thermals.thermalManagement.py.thermTest","thermalManagement.py","thermalManagement.py","1","2024-12-03"
"[NWP PM] Thermal Management","[NWP PM] Socket Thermal Management","[SoC Thermal Management] ACP (Autonomous Core Perimeter)","22022421454","[ACP] Verify Report out of Frequency Reduction Reason","virtual_platform","yes","pm.Active_pm.Thermal_Management.CPU_thermals.thermalManagement.py.thermTest","thermalManagement.py","thermalManagement.py","1","2024-12-03"
"[NWP PM] Thermal Management","[NWP PM] Socket Thermal Management","[SoC Thermal Management] CBB Thermal Management","22022421475","[CBB Thermal Management] Verify CBB EMTTM Disable","virtual_platform","yes","python runPmx.py -x dmr.xml -p emttm_thermal -tM 30 -M 6","thermalManagement.py","thermalManagement.py","1","2025-01-29"
"[NWP PM] Thermal Management","[NWP PM] Socket Thermal Management","[SoC Thermal Management] CBB Thermal Management","22022421476","[CBB Thermal Management] Verify CBB EMTTM Soft Throttle due to Cross Throttle","silicon,virtual_platform","yes","python runPmx.py -x dmr.xml -p emttm_thermal -tM 30 -M 6","pm.Active_pm.Thermal_Management.CPU_thermals.thermalManagement.py.thermTest","pm.Active_pm.Thermal_Management.CPU_thermals.thermalManagement.py.thermTest | thermalManagement.py","2","2025-09-13"
"[NWP PM] Thermal Management","[NWP PM] Socket Thermal Management","[SoC Thermal Management] CBB Thermal Management","22022421477","[CBB Thermal Management] Verify CBB EMTTM Soft Throttle due to Self Throttle","silicon,virtual_platform","yes","python runPmx.py -x dmr.xml -p emttm_thermal -tM 30 -M 6","python runPmx.py -x dmr.xml -p emttm_thermal -tM 30 -M 6","pm.Active_pm.Thermal_Management.CPU_thermals.thermalManagement.py.thermTest | python runPmx.py -x dmr.xml -p emttm_thermal -tM 30 -M 6 | thermalManagement.py","10","2026-05-21"
"[NWP PM] Thermal Management","[NWP PM] Socket Thermal Management","[SoC Thermal Management] CBB Thermal Management","22022421478","[CBB Thermal Management] Verify CBB Temperature Target Handling","virtual_platform","yes","pm.Active_pm.Thermal_Management.CPU_thermals.thermalManagement.py.thermTest","pm.Active_pm.Thermal_Management.CPU_thermals.thermalManagement.py.thermTest","pm.Active_pm.Thermal_Management.CPU_thermals.thermalManagement.py.thermTest | thermalManagement.py","25","2026-06-30"
"[NWP PM] Thermal Management","[NWP PM] Socket Thermal Management","[SoC Thermal Management] CBB Thermal Management","22022421479","[CBB Thermal Management] Verify Core Cross Throttle Due to Ring","silicon,virtual_platform","yes","python runPmx.py -x dmr.xml -p emttm_thermal -tM 30 -M 6","pm.Active_pm.Thermal_Management.CPU_thermals.thermalManagement.py.thermTest","pm.Active_pm.Thermal_Management.CPU_thermals.thermalManagement.py.thermTest | thermalManagement.py","2","2025-09-16"
"[NWP PM] Thermal Management","[NWP PM] Socket Thermal Management","[SoC Thermal Management] GPIO Interface","22022421480","[GPIO Interface] Verify GPIO_BUMP Thermals fuses","silicon,virtual_platform","yes","pysvext.diamondrapids_flexcon.plugins.flexcon_pm.py","pysvext.diamondrapids_flexcon.plugins.flexcon_pm.py","pysvext.diamondrapids_flexcon.plugins.flexcon_pm.py","1","2025-09-10"
"[NWP PM] Thermal Management","[NWP PM] Socket Thermal Management","[SoC Thermal Management] GPIO Interface","22022421481","[GPIO Interface] Verify XX_MEMHOT_IN_N input pin assertion","silicon,virtual_platform","no","Manual execution + thermal debug script","Manual execution + thermal debug script","Manual execution + thermal debug script | mem_thermals_debug.py","4","2026-06-25"
"[NWP PM] Thermal Management","[NWP PM] Socket Thermal Management","[SoC Thermal Management] GPIO Interface","22022421482","[GPIO Interface] Verify XX_MEMHOT_OUT_N output pin assertion","silicon,virtual_platform","no","Manual execution + thermal debug script","Manual execution + thermal debug script","Manual execution + thermal debug script | mem_thermals_debug.py","4","2026-06-25"
"[NWP PM] Thermal Management","[NWP PM] Socket Thermal Management","[SoC Thermal Management] GPIO Interface","22022421483","[GPIO Interface] Verify XX_MEMTRIP_N output pin assertion","silicon,virtual_platform","no","Manual execution + thermal debug script","Manual execution + thermal debug script","Manual execution + thermal debug script | mem_thermals_debug.py","4","2026-06-25"
"[NWP PM] Thermal Management","[NWP PM] Socket Thermal Management","[SoC Thermal Management] GPIO Interface","22022421484","[GPIO Interface] Verify XX_PROCHOT_N input pin assertion","silicon,virtual_platform","no","Manual execution + thermal debug script","Manual execution + thermal debug script","Manual execution + thermal debug script | mem_thermals_debug.py","4","2026-06-25"
"[NWP PM] Thermal Management","[NWP PM] Socket Thermal Management","[SoC Thermal Management] GPIO Interface","22022421485","[GPIO Interface] Verify XX_THERMTRIP_N input/output pin assertion","silicon,virtual_platform","no","Manual execution + thermal debug script","Manual execution + thermal debug script","Manual execution + thermal debug script | mem_thermals_debug.py","4","2026-06-25"
"[NWP PM] Thermal Management","[NWP PM] Socket Thermal Management","[SoC Thermal Management] IMH Thermal Management","22022421518","[IMH Thermal Management] Verify Cold Action","virtual_platform","yes","pm.Active_pm.Thermal_Management.CPU_thermals.thermalManagement.py.thermTest","thermalManagement.py","thermalManagement.py","1","2024-12-03"
"[NWP PM] Thermal Management","[NWP PM] Socket Thermal Management","[SoC Thermal Management] IMH Thermal Management","22022421519","[IMH Thermal Management] Verify Disabling Uncore Thermal Throttling","virtual_platform","yes","pm.Active_pm.Thermal_Management.CPU_thermals.thermalManagement.py.thermTest","thermalManagement.py","thermalManagement.py","1","2024-12-03"
"[NWP PM] Thermal Management","[NWP PM] Socket Thermal Management","[SoC Thermal Management] IMH Thermal Management","22022421520","[IMH Thermal Management] Verify Uncore Throttling (PID)","silicon,virtual_platform","yes","python runPmx.py -x dmr.xml -p emttm_thermal -tM 30 -M 6","pm.Active_pm.Thermal_Management.CPU_thermals.thermalManagement.py.thermTest","pm.Active_pm.Thermal_Management.CPU_thermals.thermalManagement.py.thermTest | thermalManagement.py","2","2025-09-16"
"[NWP PM] Thermal Management","[NWP PM] Socket Thermal Management","[SoC Thermal Management] ITD","22022421521","[ITD] Fuse checkout","silicon,virtual_platform","yes","python runPmx.py -x dmr.xml -p itd_thermal  -tM 9 -M 3","pm.Active_pm.Thermal_Management.CPU_thermals.itd.py , pyhtonsv","pm.Active_pm.Thermal_Management.CPU_thermals.itd.py , pyhtonsv | thermalManagement.py","2","2025-10-20"
"[NWP PM] Thermal Management","[NWP PM] Socket Thermal Management","[SoC Thermal Management] ITD","22022421522","[ITD] Verify ACP (VccCore) ITD","silicon,virtual_platform","yes","python runPmx.py -x dmr.xml -p itd_thermal  -tM 9 -M 3","pm.Active_pm.Thermal_Management.CPU_thermals.itd.py","pm.Active_pm.Thermal_Management.CPU_thermals.itd.py | thermalManagement.py","2","2025-09-18"
"[NWP PM] Thermal Management","[NWP PM] Socket Thermal Management","[SoC Thermal Management] ITD","22022421524","[ITD] Verify CCF (VccRing) ITD","silicon,virtual_platform","yes","python runPmx.py -x dmr.xml -p itd_thermal  -tM 9 -M 3","python runPmx.py -x dmr.xml -p itd_thermal  -tM 9 -M 3","pm.Active_pm.Thermal_Management.CPU_thermals.itd.py | python runPmx.py -x dmr.xml -p itd_thermal  -tM 9 -M 3 | thermalManagement.py","25","2026-06-30"
"[NWP PM] Thermal Management","[NWP PM] Socket Thermal Management","[SoC Thermal Management] ITD","22022421525","[ITD] Verify Core MLC SSA (VCC MLC SSA) ITD","virtual_platform","yes","python runPmx.py -x dmr.xml -p itd_thermal  -tM 9 -M 3","thermalManagement.py","thermalManagement.py","1","2024-12-04"
"[NWP PM] Thermal Management","[NWP PM] Socket Thermal Management","[SoC Thermal Management] ITD","22022421528","[ITD] Verify ITD disable","virtual_platform","yes","python runPmx.py -x dmr.xml -p itd_thermal  -tM 9 -M 3","thermalManagement.py","thermalManagement.py","1","2024-12-03"
"[NWP PM] Thermal Management","[NWP PM] Socket Thermal Management","[SoC Thermal Management] ITD","22022421534","[ITD] Verify ITD during reset","virtual_platform","yes","pm.Active_pm.Thermal_Management.CPU_thermals.itd.py","thermalManagement.py","thermalManagement.py","1","2024-12-03"
"[NWP PM] Thermal Management","[NWP PM] Socket Thermal Management","[SoC Thermal Management] ITD","22022421535","[ITD] Verify Inf (VccInf) ITD","virtual_platform","yes","python runPmx.py -x dmr.xml -p itd_thermal  -tM 9 -M 3","thermalManagement.py","thermalManagement.py","1","2024-10-02"
"[NWP PM] Thermal Management","[NWP PM] Socket Thermal Management","[SoC Thermal Management] ITD","22022421536","[ITD] Verify UCIe (VCCC2IA) ITD","virtual_platform","yes","python runPmx.py -x dmr.xml -p itd_thermal  -tM 9 -M 3","thermalManagement.py","thermalManagement.py","1","2024-12-03"
"[NWP PM] Thermal Management","[NWP PM] Socket Thermal Management","[SoC Thermal Management] ITD","22022421538","[ITD] Verify VCCCFCIO ITD","silicon,virtual_platform","yes","python runPmx.py -x dmr.xml -p itd_thermal  -tM 9 -M 3","pm.Active_pm.Thermal_Management.CPU_thermals.itd.py","pm.Active_pm.Thermal_Management.CPU_thermals.itd.py | thermalManagement.py","2","2025-09-15"
"[NWP PM] Thermal Management","[NWP PM] Socket Thermal Management","[SoC Thermal Management] ITD","22022421540","[ITD] Verify VCCCFCMEM ITD","silicon,virtual_platform","yes","python runPmx.py -x dmr.xml -p itd_thermal  -tM 9 -M 3","pm.Active_pm.Thermal_Management.CPU_thermals.itd.py","pm.Active_pm.Thermal_Management.CPU_thermals.itd.py | thermalManagement.py","2","2025-09-15"
"[NWP PM] Thermal Management","[NWP PM] Socket Thermal Management","[SoC Thermal Management] ITD","22022421542","[ITD] Verify VCCFIXDIG ITD","virtual_platform","yes","python runPmx.py -x dmr.xml -p itd_thermal  -tM 9 -M 3","thermalManagement.py","thermalManagement.py","1","2024-12-03"
"[NWP PM] Thermal Management","[NWP PM] Socket Thermal Management","[SoC Thermal Management] ITD","22022421546","[ITD] Verify VCCUCIEA ITD","virtual_platform","yes","python runPmx.py -x dmr.xml -p itd_thermal  -tM 9 -M 3","thermalManagement.py","thermalManagement.py","1","2024-12-03"
"[NWP PM] Thermal Management","[NWP PM] Socket Thermal Management","[SoC Thermal Management] MCAs","22022421547","[MCAs] Verify Pcode generates firmware MCA ""DIE TOO HOT"" on invalid temperature","silicon,virtual_platform","yes","MCA_recoverable_die_too_hot.py","MCA_recoverable_die_too_hot.py","MCA_recoverable_die_too_hot.py | thermalManagement.py","2","2025-10-23"
"[NWP PM] Thermal Management","[NWP PM] Socket Thermal Management","[SoC Thermal Management] Prochot Flow","22022421548","[Prochot Flow] Verify Prochot CBB Entry and Exit Flow","virtual_platform","yes","python runPmx.py -x dmr.xml -p prochot_thermal  -tM 20 -M 5","thermalManagement.py","thermalManagement.py","1","2024-12-11"
"[NWP PM] Thermal Management","[NWP PM] Socket Thermal Management","[SoC Thermal Management] Prochot Flow","22022421553","[Prochot Flow] Verify Prochot IMH Entry and Exit Flow","virtual_platform","yes","python runPmx.py -x dmr.xml -p prochot_thermal  -tM 20 -M 5","thermalManagement.py","thermalManagement.py","1","2024-12-11"
"[NWP PM] Thermal Management","[NWP PM] Socket Thermal Management","[SoC Thermal Management] Prochot Flow","22022421557","[Prochot Flow] Verify operation of Prochot Response Power","silicon,virtual_platform","yes","python runPmx.py -x dmr.xml -p prochot_thermal  -tM 20 -M 5","python runPmx.py -x dmr.xml -p prochot_thermal  -tM 20 -M 5","pm.Active_pm.Thermal_Management.CPU_thermals.thermalManagement.py.runXXProchotTest | python runPmx.py -x dmr.xml -p prochot_thermal  -tM 20 -M 5 | thermalManagement.py","25","2026-06-30"
"[NWP PM] Thermal Management","[NWP PM] Socket Thermal Management","[SoC Thermal Management] Thermal Interrupts","22022421588","[Thermal Interrupts] HW_FEEDBACK_NOTIFICATION interrupt","silicon,virtual_platform","yes","pm/Active_PM/Thermal_Management/CPU_Thermal_Management/HWP_Interrupt.py","pm/Active_PM/Thermal_Management/CPU_Thermal_Management/HWP_Interrupt.py","pm/Active_PM/Thermal_Management/CPU_Thermal_Management/HWP_Interrupt.py | thermalManagement.py","2","2026-01-22"
"[NWP PM] Thermal Management","[NWP PM] Socket Thermal Management","[SoC Thermal Management] Thermal Interrupts","22022421595","[Thermal Interrupts] Verify HIGH_TEMP Interrupt","virtual_platform","yes","python runPmx.py -x dmr.xml -p thermal_interrupt  -tM 60 -M 5","python runPmx.py -x dmr.xml -p thermal_interrupt  -tM 60 -M 5","python runPmx.py -x dmr.xml -p thermal_interrupt  -tM 60 -M 5 | thermalManagement.py","9","2026-04-03"
"[NWP PM] Thermal Management","[NWP PM] Socket Thermal Management","[SoC Thermal Management] Thermal Interrupts","22022421610","[Thermal Interrupts] Verify IA32_PACKAGE_THERM_INTERRUPT (Pkg MSR 0x1b2)","silicon,virtual_platform","yes","python runPmx.py -x dmr.xml -p thermal_interrupt  -tM 60 -M 5","pm.Active_pm.Thermal_Management.CPU_thermals.thermalInterrupt.py","pm.Active_pm.Thermal_Management.CPU_thermals.thermalInterrupt.py | thermalManagement.py","2","2025-09-21"
"[NWP PM] Thermal Management","[NWP PM] Socket Thermal Management","[SoC Thermal Management] Thermal Interrupts","22022421614","[Thermal Interrupts] Verify IA32_THERM_INTERRUPT (Core MSR 0x19b)","silicon,virtual_platform","yes","python runPmx.py -x dmr.xml -p thermal_interrupt  -tM 60 -M 5","pm.Active_pm.Thermal_Management.CPU_thermals.thermalInterrupt.py","pm.Active_pm.Thermal_Management.CPU_thermals.thermalInterrupt.py | thermalManagement.py","2","2025-09-21"
"[NWP PM] Thermal Management","[NWP PM] Socket Thermal Management","[SoC Thermal Management] Thermal Interrupts","22022421618","[Thermal Interrupts] Verify LOW_TEMP Interrupt","virtual_platform","yes","python runPmx.py -x dmr.xml -p thermal_interrupt  -tM 60 -M 5","thermalManagement.py","thermalManagement.py","1","2024-12-03"
"[NWP PM] Thermal Management","[NWP PM] Socket Thermal Management","[SoC Thermal Management] Thermal Interrupts","22022421620","[Thermal Interrupts] Verify OUT_OF_SPEC Interrupt","virtual_platform","yes","python runPmx.py -x dmr.xml -p thermal_interrupt  -tM 60 -M 5","thermalManagement.py","thermalManagement.py","1","2024-12-03"
"[NWP PM] Thermal Management","[NWP PM] Socket Thermal Management","[SoC Thermal Management] Thermal Interrupts","22022421627","[Thermal Interrupts] Verify PROCHOT Interrupt","virtual_platform","yes","python runPmx.py -x dmr.xml -p thermal_interrupt  -tM 60 -M 5","thermalManagement.py","thermalManagement.py","1","2024-12-03"
"[NWP PM] Thermal Management","[NWP PM] Socket Thermal Management","[SoC Thermal Management] Thermal Interrupts","22022421629","[Thermal Interrupts] Verify THRESHOLD_1 Interrupt","virtual_platform","yes","python runPmx.py -x dmr.xml -p thermal_interrupt  -tM 60 -M 5","thermalManagement.py","thermalManagement.py","1","2024-12-03"
"[NWP PM] Thermal Management","[NWP PM] Socket Thermal Management","[SoC Thermal Management] Thermal Interrupts","22022421633","[Thermal Interrupts] Verify THRESHOLD_2 Interrupt","virtual_platform","yes","python runPmx.py -x dmr.xml -p thermal_interrupt  -tM 60 -M 5","thermalManagement.py","thermalManagement.py","1","2024-12-03"
"[NWP PM] Thermal Management","[NWP PM] Socket Thermal Management","[SoC Thermal Management] Thermtrip","22022421666","[Thermtrip] Verify Thermtrip Disable","virtual_platform","yes","runPmx.py -x dmr.xml -p therm_trip -tM 30 -M 6","runPmx.py -x dmr.xml -p therm_trip -tM 30 -M 6","runPmx.py -x dmr.xml -p therm_trip -tM 30 -M 6 | thermalManagement.py","9","2026-04-03"
"[NWP PM] Thermal Management","[NWP PM] Socket Thermal Management","[SoC Thermal Management] Thermtrip","22022421671","[Thermtrip] Verify Thermtrip shuts down all FIVRs and MBVRs","silicon,virtual_platform","yes","runPmx.py -x dmr.xml -p therm_trip -tM 30 -M 6","pm.active_pm.thermal_management.CPU_Thermal_Management.thermtrip.py","pm.active_pm.thermal_management.CPU_Thermal_Management.thermtrip.py | thermalManagement.py","2","2025-09-15"
"[NWP PM] Thermal Management","[NWP PM] Socket Thermal Management","[SoC Thermal Management] Thermtrip","22022421672","[Thermtrip] Verify functionality of thermtrip pin from various sources","virtual_platform","yes","runPmx.py -x dmr.xml -p therm_trip -tM 30 -M 6","thermalManagement.py","thermalManagement.py","1","2024-12-11"
"[NWP PM] Thermal Management","[NWP PM] Socket Thermal Management","[SoC Thermal Management] VR Hot","22022421673","[VR Hot] Verify CBB VR Hot Actions","virtual_platform","yes","python runPmx.py -x dmr.xml -p prochot_thermal  -tM 20 -M 5","python runPmx.py -x dmr.xml -p prochot_thermal  -tM 20 -M 5","python runPmx.py -x dmr.xml -p prochot_thermal  -tM 20 -M 5 | thermalManagement.py","9","2026-04-03"
"[NWP PM] Thermal Management","[NWP PM] Socket Thermal Management","[SoC Thermal Management] VR Hot","22022421674","[VR Hot] Verify IMH VR Hot Actions","virtual_platform","yes","python runPmx.py -x dmr.xml -p prochot_thermal  -tM 20 -M 5","thermalManagement.py","thermalManagement.py","1","2024-12-11"
"[NWP PM] Thermal Management","[NWP PM] Socket Thermal Management","[SoC Thermal Management] VR Hot","22022421676","[VR Hot] Verify VR_THERM_ALERT_DISABLE","silicon,virtual_platform","yes","python runPmx.py -x dmr.xml -p prochot_thermal  -tM 20 -M 5","thermalManagement.py
[pm/Active_PM/Thermal_Management/CPU_Thermal_Management/thermalInterrupt.py]","thermalManagement.py | thermalManagement.py
[pm/Active_PM/Thermal_Management/CPU_Thermal_Management/thermalInterrupt.py]","2","2025-10-23"
"[NWP PM] Thermal Management","[NWP PM] Memory Thermal Management","[Memory Thermal Management] CLTT MR4 based","22022421317","[MR4] Verify DIMM Thresholds match with default values programed by BIOS","silicon,virtual_platform","yes","runPmx.py -x dmr.xml -p mt_basic_checks -tM 60 --retry_count 2","runPmx.py -x dmr.xml -p mt_basic_checks -tM 60 --retry_count 2","mem_thermals_debug.py | runPmx.py -x dmr.xml -p mt_basic_checks -tM 60 --retry_count 2","2","2025-09-15"
"[NWP PM] Thermal Management","[NWP PM] Memory Thermal Management","[Memory Thermal Management] CLTT MR4 based","22022421328","[MR4] Verify DIMM temp is updated by the MC","silicon,virtual_platform","no","mem_thermals_debug.py","mem_thermals_debug.py","mem_thermals_debug.py","7","2026-06-25"
"[NWP PM] Thermal Management","[NWP PM] Memory Thermal Management","[Memory Thermal Management] CLTT MR4 based","22022421331","[MR4] Verify DIMM temp is updated by the MC_emulation","emulation.hsle","no","mem_thermals_debug.py","Uniqueness w.r.t flow? ROI?;
RTL Risk (H/M/L) ;
FW Risk (H/M/L) ;","Uniqueness w.r.t flow? ROI?;
RTL Risk (H/M/L) ;
FW Risk (H/M/L) ;","1","2025-04-15"
"[NWP PM] Thermal Management","[NWP PM] Memory Thermal Management","[Memory Thermal Management] CLTT MR4 based","22022421334","[MR4] Verify DIMM throttle levels values match with default values","silicon,virtual_platform","yes","runPmx.py -x dmr.xml -p mt_basic_checks -tM 60 --retry_count 2","runPmx.py -x dmr.xml -p mt_basic_checks -tM 60 --retry_count 2","mem_thermals_debug.py | runPmx.py -x dmr.xml -p mt_basic_checks -tM 60 --retry_count 2","2","2025-09-15"
"[NWP PM] Thermal Management","[NWP PM] Memory Thermal Management","[Memory Thermal Management] CLTT MR4 based","22022421341","[MR4] Verify end to end Functionality","virtual_platform","yes","cltt.py","cltt.py","cltt.py | mem_thermals_debug.py","9","2026-04-03"
"[NWP PM] Thermal Management","[NWP PM] Memory Thermal Management","[Memory Thermal Management] CLTT PECI based","22022421347","[PECI] Verify DIMM temp in MC is being updated by TPMI","silicon,virtual_platform","no","mem_thermals_debug.py","mem_thermals_debug.py","mem_thermals_debug.py","4","2026-02-23"
"[NWP PM] Thermal Management","[NWP PM] Memory Thermal Management","[Memory Thermal Management] CLTT PECI based","22022421352","[PECI] Verify DIMM thresholds match with default values programed by BIOS","silicon,virtual_platform","yes","runPmx.py -x dmr.xml -p mt_basic_checks -tM 60 --retry_count 2","runPmx.py -x dmr.xml -p mt_basic_checks -tM 60 --retry_count 2","mem_thermals_debug.py | runPmx.py -x dmr.xml -p mt_basic_checks -tM 60 --retry_count 2","3","2025-09-03"
"[NWP PM] Thermal Management","[NWP PM] Memory Thermal Management","[Memory Thermal Management] CLTT PECI based","22022421361","[PECI] Verify end to end functionality","virtual_platform","yes","runPmx.py -x dmr,xml -p cltt_peci -tM 60 -M 10 --retry_count 2","runPmx.py -x dmr,xml -p cltt_peci -tM 60 -M 10 --retry_count 2","mem_thermals_debug.py | runPmx.py -x dmr,xml -p cltt_peci -tM 60 -M 10 --retry_count 2","24","2026-06-25"
"[NWP PM] Thermal Management","[NWP PM] Memory Thermal Management","[Memory Thermal Management] CLTT PECI based","22022421372","[PECI]Verify DIMM throttle levels values match with default values","silicon,virtual_platform","yes","runPmx.py -x dmr.xml -p mt_basic_checks -tM 60 --retry_count 2","runPmx.py -x dmr.xml -p mt_basic_checks -tM 60 --retry_count 2","mem_thermals_debug.py | runPmx.py -x dmr.xml -p mt_basic_checks -tM 60 --retry_count 2","3","2025-09-03"
"[NWP PM] Thermal Management","[NWP PM] Memory Thermal Management","[Memory Thermal Management] CLTT TSOD based","22022421405","[TSOD] Verify DIMM temp in MC is being updated by SPD controller_emulation","emulation.hsle","no","","Uniqueness w.r.t flow? ROI?;
RTL Risk (H/M/L) ;
FW Risk (H/M/L) ;","Uniqueness w.r.t flow? ROI?;
RTL Risk (H/M/L) ;
FW Risk (H/M/L) ;","1","2025-04-15"
"[NWP PM] Thermal Management","[NWP PM] Memory Thermal Management","[Memory Thermal Management] CLTT TSOD based","22022421408","[TSOD] Verify DIMM throttle levels values match with default values_emulation","emulation.hsle","yes","mem_thermals_debug.py","Uniqueness w.r.t flow? ROI?;
RTL Risk (H/M/L) ;
FW Risk (H/M/L) ;","Uniqueness w.r.t flow? ROI?;
RTL Risk (H/M/L) ;
FW Risk (H/M/L) ;","1","2025-04-15"
"[NWP PM] Thermal Management","[NWP PM] Memory Thermal Management","[Memory Thermal Management] Memhot","22022421411","[Memhot] MR4 Verify Memhot_In mode functionality","silicon,virtual_platform","yes","runPmx.py -x dmr.xml -p memhot_mr4 -tM 60 -M 5 --retry_count 2","runPmx.py -x dmr.xml -p memhot_mr4 -tM 60 -M 5 --retry_count 2","runPmx.py -x dmr.xml -p memhot_mr4 -tM 60 -M 5 --retry_count 2","8","2026-04-03"
"[NWP PM] Thermal Management","[NWP PM] Memory Thermal Management","[Memory Thermal Management] Memhot","22022421415","[Memhot] Memhot Disables MR4-based","virtual_platform","yes","runPmx.py -x dmr.xml -p mt_basic_checks -tM 60 --retry_count 2","mem_thermals_debug.py","mem_thermals_debug.py","1","2024-12-03"
"[NWP PM] Thermal Management","[NWP PM] Memory Thermal Management","[Memory Thermal Management] Memhot","22022421419","[Memhot] Memhot Disables MR4-based_emulation","emulation.hsle","yes","","Uniqueness w.r.t flow? ROI?;
RTL Risk (H/M/L) ;
FW Risk (H/M/L) ;","Uniqueness w.r.t flow? ROI?;
RTL Risk (H/M/L) ;
FW Risk (H/M/L) ;","1","2025-04-15"
"[NWP PM] Thermal Management","[NWP PM] Memory Thermal Management","[Memory Thermal Management] Memhot","22022421422","[Memhot] Verify Memhot_In mode functionality","silicon,virtual_platform","yes","runPmx.py -x dmr.xml -p memhot_tsod -tM 60 -M 5 --retry_count 2","runPmx.py -x dmr.xml -p memhot_tsod -tM 60 -M 5 --retry_count 2","mem_thermals_debug.py | memhot_dfx.py | runPmx.py -x dmr.xml -p memhot_tsod -tM 60 -M 5 --retry_count 2","12","2026-05-16"
"[NWP PM] Thermal Management","[NWP PM] Memory Thermal Management","[Memory Thermal Management] Memhot","22022421423","[Memhot] Verify Memhot_Out mode functionality","silicon,virtual_platform","yes","runPmx.py -x dmr.xml -p memhot_tsod -tM 60 -M 5 --retry_count 2","memhot_dfx.py","mem_thermals_debug.py | memhot_dfx.py","2","2025-09-09"
"[NWP PM] Thermal Management","[NWP PM] Memory Thermal Management","[Memory Thermal Management] Memtrip","22022421425","[Memtrip] Disables Memtrip MR4-based","virtual_platform","yes","runPmx.py -x dmr.xml -p mt_basic_checks -tM 60 --retry_count 2","mem_thermals_debug.py","mem_thermals_debug.py","1","2024-12-03"
"[NWP PM] Thermal Management","[NWP PM] Memory Thermal Management","[Memory Thermal Management] Memtrip","22022421427","[Memtrip] Disables Memtrip MR4-based_emulation","emulation.hsle","yes","mem_thermals_debug.py","Uniqueness w.r.t flow? ROI?;
RTL Risk (H/M/L) ;
FW Risk (H/M/L) ;","Uniqueness w.r.t flow? ROI?;
RTL Risk (H/M/L) ;
FW Risk (H/M/L) ;","1","2025-04-15"
"[NWP PM] Thermal Management","[NWP PM] Memory Thermal Management","[Memory Thermal Management] Memtrip","22022421434","[Memtrip] MR4 based","silicon,virtual_platform","yes","runPmx.py -x dmr.xml -p memtrip_mr4 -tM 60 -M 5 --retry_count 2","runPmx.py -x dmr.xml -p memtrip_mr4 -tM 60 -M 5 --retry_count 2","Memtrip.py | mem_thermals_debug.py | runPmx.py -x dmr.xml -p memtrip_mr4 -tM 60 -M 5 --retry_count 2","10","2026-04-03"
"[NWP PM] Thermal Management","[NWP PM] Memory Thermal Management","[Memory Thermal Management] Memtrip","22022421437","[Memtrip] Memtrip to Thermtrip","silicon,virtual_platform","no","mem_thermals_debug.py","mem_thermals_debug.py","mem_thermals_debug.py","4","2025-11-06"
"[NWP PM] Thermal Management","[NWP PM] Memory Thermal Management","[Memory Thermal Management] Memtrip","22022421439","[Memtrip] PECI based","silicon,virtual_platform","yes","runPmx.py -x dmr.xml -p memtrip_peci -tM 60 -M 5 --retry_count 2","runPmx.py -x dmr.xml -p memtrip_peci -tM 60 -M 5 --retry_count 2","Memtrip.py | mem_thermals_debug.py | runPmx.py -x dmr.xml -p memtrip_peci -tM 60 -M 5 --retry_count 2","10","2026-05-16"
"[NWP PM] Thermal Management","[NWP PM] Memory Thermal Management","[Memory Thermal Management] Memtrip","22022421441","[Memtrip] PECI based_emulation","emulation.hsle","yes","Memtrip.py","Uniqueness w.r.t flow? ROI?;
RTL Risk (H/M/L) ;
FW Risk (H/M/L) ;","Uniqueness w.r.t flow? ROI?;
RTL Risk (H/M/L) ;
FW Risk (H/M/L) ;","1","2025-04-15"
"[NWP PM] Thermal Management","[NWP PM] Thermal Reporting/Telemetry","[SoC Thermal Management] CBB DTS & Telemetry","22022421456","[CBB DTS & Telemetry] Verify AON DTS Functionality","virtual_platform","yes","runPmx.py -x dmr.xml -p dts_telemetry -tM 60 --retry_count 2","diamondrapids.pm.Active_PM.Thermal_Management.CPU_Thermal_Management.Thermal_DTS.py","diamondrapids.pm.Active_PM.Thermal_Management.CPU_Thermal_Management.Thermal_DTS.py","1","2025-03-07"
"[NWP PM] Thermal Management","[NWP PM] Thermal Reporting/Telemetry","[SoC Thermal Management] CBB DTS & Telemetry","22022421458","[CBB DTS & Telemetry] Verify CBO Cluster DTS Functionality","silicon,virtual_platform","yes","runPmx.py -x dmr.xml -p dts_telemetry -tM 60 --retry_count 2","TBD (New script)","TBD (New script) | thermalManagement.py","2","2025-09-10"
"[NWP PM] Thermal Management","[NWP PM] Thermal Reporting/Telemetry","[SoC Thermal Management] CBB DTS & Telemetry","22022421461","[CBB DTS & Telemetry] Verify CCP Thermal Telemetry","silicon,virtual_platform","yes","runPmx.py -x dmr.xml -p dts_telemetry -tM 60 --retry_count 2","TBD (New script)","TBD (New script) | thermalManagement.py","2","2026-01-27"
"[NWP PM] Thermal Management","[NWP PM] Thermal Reporting/Telemetry","[SoC Thermal Management] CBB DTS & Telemetry","22022421465","[CBB DTS & Telemetry] Verify Core DTS Functionality","silicon,virtual_platform","yes","runPmx.py -x dmr.xml -p dts_telemetry -tM 60 --retry_count 2","TBD (New script)","TBD (New script) | thermalManagement.py","2","2026-01-27"
"[NWP PM] Thermal Management","[NWP PM] Thermal Reporting/Telemetry","[SoC Thermal Management] CBB DTS & Telemetry","22022421468","[CBB DTS & Telemetry] Verify Core Disabled DTS operation","silicon,virtual_platform","no","runPmx.py -x dmr.xml -p core_dts_disable -tM 60 --retry_count 2","runPmx.py -x dmr.xml -p core_dts_disable -tM 60 --retry_count 2","runPmx.py -x dmr.xml -p core_dts_disable -tM 60 --retry_count 2 | thermalManagement.py","5","2026-06-17"
"[NWP PM] Thermal Management","[NWP PM] Thermal Reporting/Telemetry","[SoC Thermal Management] CBB DTS & Telemetry","22022421469","[CBB DTS & Telemetry] Verify SOC DTS Functionality","virtual_platform","yes","runPmx.py -x dmr.xml -p dts_telemetry -tM 60 --retry_count 2","thermalManagement.py","thermalManagement.py","1","2024-12-05"
"[NWP PM] Thermal Management","[NWP PM] Thermal Reporting/Telemetry","[SoC Thermal Management] IMH DTS & Telemetry","22022421487","[IMH DTS & Telemetry] Verify Accelerator DTS Functionality","silicon,virtual_platform","yes","runPmx.py -x dmr.xml -p dts_telemetry -tM 60 --retry_count 2","pm.Active_pm.Thermal_Management.CPU_thermals.thermalManagement.py","pm.Active_pm.Thermal_Management.CPU_thermals.thermalManagement.py | thermalManagement.py","2","2025-09-16"
"[NWP PM] Thermal Management","[NWP PM] Thermal Reporting/Telemetry","[SoC Thermal Management] IMH DTS & Telemetry","22022421498","[IMH DTS & Telemetry] Verify CGU DTS Functionality","silicon,virtual_platform","yes","runPmx.py -x dmr.xml -p dts_telemetry -tM 60 --retry_count 2","pm.Active_pm.Thermal_Management.CPU_thermals.thermalManagement.py","pm.Active_pm.Thermal_Management.CPU_thermals.thermalManagement.py | thermalManagement.py","2","2025-09-16"
"[NWP PM] Thermal Management","[NWP PM] Thermal Reporting/Telemetry","[SoC Thermal Management] IMH DTS & Telemetry","22022421501","[IMH DTS & Telemetry] Verify D2D DTS Functionality","silicon,virtual_platform","yes","runPmx.py -x dmr.xml -p dts_telemetry -tM 60 --retry_count 2","pm.Active_pm.Thermal_Management.CPU_thermals.thermalManagement.py","pm.Active_pm.Thermal_Management.CPU_thermals.thermalManagement.py | thermalManagement.py","2","2025-09-16"
"[NWP PM] Thermal Management","[NWP PM] Thermal Reporting/Telemetry","[SoC Thermal Management] IMH DTS & Telemetry","22022421504","[IMH DTS & Telemetry] Verify IO Fabric DTS Functionality","silicon,virtual_platform","yes","runPmx.py -x dmr.xml -p dts_telemetry -tM 60 --retry_count 2","pm.Active_pm.Thermal_Management.CPU_thermals.thermalManagement.py","pm.Active_pm.Thermal_Management.CPU_thermals.thermalManagement.py | thermalManagement.py","2","2025-09-16"
"[NWP PM] Thermal Management","[NWP PM] Thermal Reporting/Telemetry","[SoC Thermal Management] IMH DTS & Telemetry","22022421506","[IMH DTS & Telemetry] Verify MIO DTS Functionality","silicon,virtual_platform","yes","runPmx.py -x dmr.xml -p dts_telemetry -tM 60 --retry_count 2","pm.Active_pm.Thermal_Management.CPU_thermals.thermalManagement.py","pm.Active_pm.Thermal_Management.CPU_thermals.thermalManagement.py | thermalManagement.py","2","2025-09-10"
"[NWP PM] Thermal Management","[NWP PM] Thermal Reporting/Telemetry","[SoC Thermal Management] IMH DTS & Telemetry","22022421508","[IMH DTS & Telemetry] Verify Memory DTS Functionality","silicon,virtual_platform","yes","runPmx.py -x dmr.xml -p dts_telemetry -tM 60 --retry_count 2","runPmx.py -x dmr.xml -p dts_telemetry -tM 60 --retry_count 2","pm.Active_pm.Thermal_Management.CPU_thermals.thermalManagement.py | runPmx.py -x dmr.xml -p dts_telemetry -tM 60 --retry_count 2 | thermalManagement.py","25","2026-07-01"
"[NWP PM] Thermal Management","[NWP PM] Thermal Reporting/Telemetry","[SoC Thermal Management] IMH DTS & Telemetry","22022421515","[IMH DTS & Telemetry] Verify Memory Fabric DTS Functionality","silicon,virtual_platform","yes","runPmx.py -x dmr.xml -p dts_telemetry -tM 60 --retry_count 2","pm.Active_pm.Thermal_Management.CPU_thermals.thermalManagement.py","pm.Active_pm.Thermal_Management.CPU_thermals.thermalManagement.py | thermalManagement.py","2","2025-09-16"
"[NWP PM] Thermal Management","[NWP PM] Thermal Reporting/Telemetry","[SoC Thermal Management] Thermal Reporting","22022421640","[Thermal Reporting] Verify CORE_PERF_LIMIT_REASONS","silicon,virtual_platform","yes","this is covered by 3 different scripts (emttm, prochot and vr_hot TCs with PLR check); no dedicated command line for this TC","https://github.com/intel-restricted/frameworks.validation.pythonsv.projects.diamondrapids/tree/main/pm/Active_PM/Thermal_Management/CPU_Thermal_Management/thermalManagement.py","https://github.com/intel-restricted/frameworks.validation.pythonsv.projects.diamondrapids/tree/main/pm/Active_PM/Thermal_Management/CPU_Thermal_Management/thermalManagement.py | thermalManagement.py","2","2025-09-23"
"[NWP PM] Thermal Management","[NWP PM] Thermal Reporting/Telemetry","[SoC Thermal Management] Thermal Reporting","22022421641","[Thermal Reporting] Verify DTS temperature reporting during reset","virtual_platform","yes","TBD (New script)","thermalManagement.py","thermalManagement.py","1","2024-12-03"
"[NWP PM] Thermal Management","[NWP PM] Thermal Reporting/Telemetry","[SoC Thermal Management] Thermal Reporting","22022421642","[Thermal Reporting] Verify IA32_MISC_ENABLES (Thread vMSR 0x1a0)","virtual_platform","no","Manual","Manual","Manual | thermalManagement.py","2","2026-01-13"
"[NWP PM] Thermal Management","[NWP PM] Thermal Reporting/Telemetry","[SoC Thermal Management] Thermal Reporting","22022421643","[Thermal Reporting] Verify IA32_PACKAGE_THERM_MARGIN","virtual_platform","yes","https://github.com/intel-restricted/frameworks.validation.pythonsv.projects.diamondrapids/tree/main/pm/Active_PM/Thermal_Management/CPU_Thermal_Management/thermalManagement.py","https://github.com/intel-restricted/frameworks.validation.pythonsv.projects.diamondrapids/tree/main/pm/Active_PM/Thermal_Management/CPU_Thermal_Management/thermalManagement.py","https://github.com/intel-restricted/frameworks.validation.pythonsv.projects.diamondrapids/tree/main/pm/Active_PM/Thermal_Management/CPU_Thermal_Management/thermalManagement.py | thermalManagement.py","9","2026-04-03"
"[NWP PM] Thermal Management","[NWP PM] Thermal Reporting/Telemetry","[SoC Thermal Management] Thermal Reporting","22022421644","[Thermal Reporting] Verify IA32_PACKAGE_THERM_STATUS","silicon,virtual_platform","yes","python runPmx.py -x dmr.xml -p thermal_interrupt  -tM 60 -M 5","https://github.com/intel-restricted/frameworks.validation.pythonsv.projects.diamondrapids/tree/main/pm/Active_PM/Thermal_Management/CPU_Thermal_Management/thermalManagement.py","https://github.com/intel-restricted/frameworks.validation.pythonsv.projects.diamondrapids/tree/main/pm/Active_PM/Thermal_Management/CPU_Thermal_Management/thermalManagement.py | thermalManagement.py","2","2025-09-13"
"[NWP PM] Thermal Management","[NWP PM] Thermal Reporting/Telemetry","[SoC Thermal Management] Thermal Reporting","22022421646","[Thermal Reporting] Verify IA32_TEMPERATURE_TARGET","virtual_platform","yes","https://github.com/intel-restricted/frameworks.validation.pythonsv.projects.diamondrapids/tree/main/pm/Active_PM/Thermal_Management/CPU_Thermal_Management/thermalManagement.py","https://github.com/intel-restricted/frameworks.validation.pythonsv.projects.diamondrapids/tree/main/pm/Active_PM/Thermal_Management/CPU_Thermal_Management/thermalManagement.py","https://github.com/intel-restricted/frameworks.validation.pythonsv.projects.diamondrapids/tree/main/pm/Active_PM/Thermal_Management/CPU_Thermal_Management/thermalManagement.py | thermalManagement.py","9","2026-02-20"
"[NWP PM] Thermal Management","[NWP PM] Thermal Reporting/Telemetry","[SoC Thermal Management] Thermal Reporting","22022421647","[Thermal Reporting] Verify IA32_THERM_STATUS (Core MSR 0x19c)","silicon,virtual_platform","yes","python runPmx.py -x dmr.xml -p thermal_interrupt  -tM 60 -M 5","pm.Active_pm.Thermal_Management.CPU_thermals.thermalInterrupt.py","pm.Active_pm.Thermal_Management.CPU_thermals.thermalInterrupt.py | thermalManagement.py","2","2025-09-13"
"[NWP PM] Thermal Management","[NWP PM] Thermal Reporting/Telemetry","[SoC Thermal Management] Thermal Reporting","22022421649","[Thermal Reporting] Verify MSR 0x1A3 MCP_THERMAL_REPORT_1","silicon,virtual_platform","yes","PMX automated, need to edit xml","https://github.com/intel-restricted/frameworks.validation.pythonsv.projects.diamondrapids/tree/main/pm/Active_PM/Thermal_Management/CPU_Thermal_Management/thermalManagement.py","https://github.com/intel-restricted/frameworks.validation.pythonsv.projects.diamondrapids/tree/main/pm/Active_PM/Thermal_Management/CPU_Thermal_Management/thermalManagement.py | mem_thermals_debug.py","2","2025-09-13"
"[NWP PM] Thermal Management","[NWP PM] Thermal Reporting/Telemetry","[SoC Thermal Management] Thermal Reporting","22022421650","[Thermal Reporting] Verify MSR 0x1A4 MCP_THERMAL_REPORT_2","virtual_platform","yes","https://github.com/intel-restricted/frameworks.validation.pythonsv.projects.diamondrapids/tree/main/pm/Active_PM/Thermal_Management/CPU_Thermal_Management/thermalManagement.py","https://github.com/intel-restricted/frameworks.validation.pythonsv.projects.diamondrapids/tree/main/pm/Active_PM/Thermal_Management/CPU_Thermal_Management/thermalManagement.py","https://github.com/intel-restricted/frameworks.validation.pythonsv.projects.diamondrapids/tree/main/pm/Active_PM/Thermal_Management/CPU_Thermal_Management/thermalManagement.py | thermalManagement.py","9","2026-02-20"
"[NWP PM] Thermal Management","[NWP PM] Thermal Reporting/Telemetry","[SoC Thermal Management] Thermal Reporting","22022421660","[Thermal Reporting] Verify POWER_CTL","virtual_platform","yes","https://github.com/intel-restricted/frameworks.validation.pythonsv.projects.diamondrapids/tree/main/pm/Active_PM/Thermal_Management/CPU_Thermal_Management/thermalManagement.py","https://github.com/intel-restricted/frameworks.validation.pythonsv.projects.diamondrapids/tree/main/pm/Active_PM/Thermal_Management/CPU_Thermal_Management/thermalManagement.py","https://github.com/intel-restricted/frameworks.validation.pythonsv.projects.diamondrapids/tree/main/pm/Active_PM/Thermal_Management/CPU_Thermal_Management/thermalManagement.py | thermalManagement.py","9","2026-04-02"
"[NWP PM] Thermal Management","[NWP PM] Thermal Reporting/Telemetry","[SoC Thermal Management] Thermal Reporting","22022421665","[Thermal Reporting][BEAT] Extended C6 validation for Thermal Die Level PLR","virtual_platform","yes","https://github.com/intel-restricted/frameworks.validation.pythonsv.projects.diamondrapids/tree/main/pm/Active_PM/Thermal_Management/CPU_Thermal_Management/thermalManagement.py","https://github.com/intel-restricted/frameworks.validation.pythonsv.projects.diamondrapids/tree/main/pm/Active_PM/Thermal_Management/CPU_Thermal_Management/thermalManagement.py","https://github.com/intel-restricted/frameworks.validation.pythonsv.projects.diamondrapids/tree/main/pm/Active_PM/Thermal_Management/CPU_Thermal_Management/thermalManagement.py | thermalManagement.py","12","2026-06-25"
"[NWP PM] Fabric DVFS (UFS)","[NWP PM] CBB DVFS","Solar DVFS","22022422095","[Solar] DVFS-dvfs_all_random","virtual_platform","yes","/usr/bin/solar/solar.sh /cfg /usr/local/python/diamondrapids/pm/Solar/SOLAR_DMR_XMLS/Verify/GV_DVFS/Mesh_gv_verify_random.xml","/usr/bin/solar/solar.sh /cfg /usr/local/python/diamondrapids/pm/Solar/SOLAR_DMR_XMLS/Verify/GV_DVFS/Mesh_gv_verify_random.xml","/usr/bin/solar/solar.sh /cfg /usr/local/python/diamondrapids/pm/Solar/SOLAR_DMR_XMLS/Verify/GV_DVFS/Mesh_gv_verify_random.xml","24","2026-07-01"
"[NWP PM] PM Interfaces (OS2P/TPMI/PECI/PMT)","[NWP PM] PMT (Platform Monitoring Technology)","[SoC Thermal Management] TPMI/PMT","22022421558","[TPMI/PMT] Verify Aggregate Margin to Tcontrol PMT Register","virtual_platform","yes","runPmx.py -x dmr.xml -p pmt_thermal -tM 60 --retry_count 2","runPmx.py -x dmr.xml -p pmt_thermal -tM 60 --retry_count 2","runPmx.py -x dmr.xml -p pmt_thermal -tM 60 --retry_count 2 | thermalManagement.py","12","2026-06-25"
"[NWP PM] PM Interfaces (OS2P/TPMI/PECI/PMT)","[NWP PM] PMT (Platform Monitoring Technology)","[SoC Thermal Management] TPMI/PMT","22022421576","[TPMI/PMT] Verify Package Temperature PMT Register","silicon,virtual_platform","yes","runPmx.py -x dmr.xml -p pmt_thermal -tM 60 --retry_count 2","thermalManagement.py
[pm/Active_PM/Thermal_Management/CPU_Thermal_Management/Demo_GNR_TM2.py]","thermalManagement.py | thermalManagement.py
[pm/Active_PM/Thermal_Management/CPU_Thermal_Management/Demo_GNR_TM2.py]","2","2025-09-23"
"[NWP PM] PM Interfaces (OS2P/TPMI/PECI/PMT)","[NWP PM] PMT (Platform Monitoring Technology)","[SoC Thermal Management] TPMI/PMT","22022421578","[TPMI/PMT] Verify Package Thermal Status TPMI Register","silicon,virtual_platform","yes","runPmx.py -x dmr.xml -p pmt_thermal -tM 60 --retry_count 2","thermalManagement.py
[pm/Active_PM/Thermal_Management/CPU_Thermal_Management/thermalInterrupt.py]","thermalManagement.py | thermalManagement.py
[pm/Active_PM/Thermal_Management/CPU_Thermal_Management/thermalInterrupt.py]","2","2025-09-23"
"[NWP PM] PM Interfaces (OS2P/TPMI/PECI/PMT)","[NWP PM] PMT (Platform Monitoring Technology)","[SoC Thermal Management] TPMI/PMT","22022421581","[TPMI/PMT] Verify Temperature Target PMT Register","silicon,virtual_platform","yes","runPmx.py -x dmr.xml -p pmt_thermal -tM 60 --retry_count 2","thermalManagement.py
[pm/Active_PM/Thermal_Management/CPU_Thermal_Management/Demo_GNR_TM2.py]","thermalManagement.py | thermalManagement.py
[pm/Active_PM/Thermal_Management/CPU_Thermal_Management/Demo_GNR_TM2.py]","2","2025-09-20"
"[NWP PM] PM Interfaces (OS2P/TPMI/PECI/PMT)","[NWP PM] PMT (Platform Monitoring Technology)","[SoC Thermal Management] TPMI/PMT","22022421583","[TPMI/PMT] Verify Thermal Constrained Time PMT Register","silicon,virtual_platform","yes","runPmx.py -x dmr.xml -p pmt_thermal -tM 60 --retry_count 2","thermalManagement.py
[pm/Active_PM/Thermal_Management/CPU_Thermal_Management/Demo_GNR_TM2.py]","thermalManagement.py | thermalManagement.py
[pm/Active_PM/Thermal_Management/CPU_Thermal_Management/Demo_GNR_TM2.py]","2","2025-09-21"
"[NWP PM] PM Interfaces (OS2P/TPMI/PECI/PMT)","[NWP PM] PMT (Platform Monitoring Technology)","[SoC Thermal Management] TPMI/PMT","22022421585","[TPMI/PMT] Verify Thermal Monitor Filtering TPMI Register","virtual_platform","yes","thermalManagement.py
[pm/Active_PM/Thermal_Management/CPU_Thermal_Management/Demo_DMR_TMF.py]","thermalManagement.py","thermalManagement.py","1","2024-12-03"
"[NWP PM] PM Cross Product","PM Integration Testing","Solar Cross Products","22022421701","[Solar Cross-Product] Cross_Products-Allcross-cstate_hwp_p0_pn_dvfs_random","silicon,virtual_platform","yes","/usr/bin/solar/solar.sh /cfg /usr/local/python/diamondrapids/pm/Solar/pm/Solar/Cross Products/cstate_hwp_p0_pn_dvfs_random.xml /logpath .","/usr/bin/solar/solar.sh /cfg /usr/local/python/diamondrapids/pm/Solar/pm/Solar/Cross Products/cstate_hwp_p0_pn_dvfs_random.xml /logpath .","/usr/bin/solar/solar.sh /cfg /usr/local/python/diamondrapids/pm/Solar/pm/Solar/Cross Products/cstate_hwp_p0_pn_dvfs_random.xml /logpath .","25","2026-07-01"
"[NWP PM] PM Cross Product","PM Integration Testing","Solar Cross Products","22022421702","[Solar Cross-Product] Cross_Products-Allcross-cstate_hwp_p0_pn_dvfs_random_exercise","silicon,virtual_platform","yes","/usr/bin/solar/solar.sh /cfg /usr/local/python/diamondrapids/pm/Solar/pm/Solar/Cross Products/cstate_hwp_p0_pn_dvfs_random_exercise.xml /logpath .","/usr/bin/solar/solar.sh /cfg /usr/local/python/diamondrapids/pm/Solar/pm/Solar/Cross Products/cstate_hwp_p0_pn_dvfs_random_exercise.xml /logpath .","/usr/bin/solar/solar.sh /cfg /usr/local/python/diamondrapids/pm/Solar/pm/Solar/Cross Products/cstate_hwp_p0_pn_dvfs_random_exercise.xml /logpath .","23","2026-06-25"
"[NWP PM] PM Cross Product","PM Integration Testing","Solar Cross Products","22022421705","[Solar Cross-Product] Cross_Products-Allcross-cstate_hwp_p1_pn_dvfs_random","silicon,virtual_platform","yes","/usr/bin/solar/solar.sh /cfg /usr/local/python/diamondrapids/pm/Solar/pm/Solar/Cross Products/cstate_hwp_p1_pn_dvfs_random.xml /logpath .","/usr/bin/solar/solar.sh /cfg /usr/local/python/diamondrapids/pm/Solar/pm/Solar/Cross Products/cstate_hwp_p1_pn_dvfs_random.xml /logpath .","/usr/bin/solar/solar.sh /cfg /usr/local/python/diamondrapids/pm/Solar/pm/Solar/Cross Products/cstate_hwp_p1_pn_dvfs_random.xml /logpath .","23","2026-06-30"
"[NWP PM] PM Cross Product","PM Integration Testing","Solar Cross Products","22022421706","[Solar Cross-Product] Cross_Products-Allcross-cstate_hwp_p1_pn_dvfs_random_exercise","silicon,virtual_platform","yes","/usr/bin/solar/solar.sh /cfg /usr/local/python/diamondrapids/pm/Solar/pm/Solar/Cross_Products/cstate_hwp_p1_pn_dvfs_random_exercise.xml /logpath .","/usr/bin/solar/solar.sh /cfg /usr/local/python/diamondrapids/pm/Solar/pm/Solar/Cross_Products/cstate_hwp_p1_pn_dvfs_random_exercise.xml /logpath .","/usr/bin/solar/solar.sh /cfg /usr/local/python/diamondrapids/pm/Solar/pm/Solar/Cross_Products/cstate_hwp_p1_pn_dvfs_random_exercise.xml /logpath .","24","2026-06-25"
"[NWP PM] PM Cross Product","PM Integration Testing","Solar Cross Products","22022421709","[Solar Cross-Product] Cross_Products-Allcross-cstate_legacy_pstate_p0_pn_pstate_dvfs_random","silicon,virtual_platform","yes","/usr/bin/solar/solar.sh /cfg /usr/local/python/diamondrapids/pm/Solar/Cross_Products/Allcross/cstate_legacy_pstate_p0_pn_pstate_dvfs_random.xml /logpath .","/usr/bin/solar/solar.sh /cfg /usr/local/python/diamondrapids/pm/Solar/Cross_Products/Allcross/cstate_legacy_pstate_p0_pn_pstate_dvfs_random.xml /logpath .","/usr/bin/solar/solar.sh /cfg /usr/local/python/diamondrapids/pm/Solar/Cross_Products/Allcross/cstate_legacy_pstate_p0_pn_pstate_dvfs_random.xml /logpath .","24","2026-07-02"
"[NWP PM] PM Cross Product","PM Integration Testing","Solar Cross Products","22022421710","[Solar Cross-Product] Cross_Products-Allcross-cstate_legacy_pstate_p0_pn_pstate_dvfs_random_exercise","silicon,virtual_platform","yes","/usr/bin/solar/solar.sh /cfg /usr/local/python/diamondrapids/pm/Solar/Cross_Products/Allcross/cstate_legacy_pstate_p0_pn_pstate_dvfs_random_exercise.xml /logpath .","/usr/bin/solar/solar.sh /cfg /usr/local/python/diamondrapids/pm/Solar/Cross_Products/Allcross/cstate_legacy_pstate_p0_pn_pstate_dvfs_random_exercise.xml /logpath .","/usr/bin/solar/solar.sh /cfg /usr/local/python/diamondrapids/pm/Solar/Cross_Products/Allcross/cstate_legacy_pstate_p0_pn_pstate_dvfs_random_exercise.xml /logpath .","23","2026-06-26"
"[NWP PM] PM Cross Product","PM Integration Testing","Solar Cross Products","22022421712","[Solar Cross-Product] Cross_Products-Allcross-cstate_legacy_pstate_p1_pn_pstate_dvfs_random","silicon,virtual_platform","yes","/usr/bin/solar/solar.sh /cfg /usr/local/python/diamondrapids/pm/Solar/Cross_Products/Allcross/cstate_legacy_pstate_p1_pn_pstate_dvfs_random.xml /logpath .","/usr/bin/solar/solar.sh /cfg /usr/local/python/diamondrapids/pm/Solar/Cross_Products/Allcross/cstate_legacy_pstate_p1_pn_pstate_dvfs_random.xml /logpath .","/usr/bin/solar/solar.sh /cfg /usr/local/python/diamondrapids/pm/Solar/Cross_Products/Allcross/cstate_legacy_pstate_p1_pn_pstate_dvfs_random.xml /logpath .","23","2026-07-01"
"[NWP PM] PM Cross Product","PM Integration Testing","Solar Cross Products","22022421714","[Solar Cross-Product] Cross_Products-Allcross-cstate_legacy_pstate_p1_pn_pstate_dvfs_random_exercise","silicon,virtual_platform","yes","/usr/bin/solar/solar.sh /cfg /usr/local/python/diamondrapids/pm/Solar/Cross_Products/Allcross/cstate_legacy_pstate_p1_pn_pstate_dvfs_random_exercise.xml /logpath .","/usr/bin/solar/solar.sh /cfg /usr/local/python/diamondrapids/pm/Solar/Cross_Products/Allcross/cstate_legacy_pstate_p1_pn_pstate_dvfs_random_exercise.xml /logpath .","/usr/bin/solar/solar.sh /cfg /usr/local/python/diamondrapids/pm/Solar/Cross_Products/Allcross/cstate_legacy_pstate_p1_pn_pstate_dvfs_random_exercise.xml /logpath .","23","2026-06-30"
"[NWP PM] PM Cross Product","PM Integration Testing","Solar Cross Products","22022421715","[Solar Cross-Product] Cross_Products-Cstate_DVFS-cstate_dvfs_random","silicon,virtual_platform","yes","/usr/bin/solar/solar.sh /cfg /usr/local/python/diamondrapids/pm/Solar/Cstate_DVFS/Cross_Products/cstate_dvfs_random.xml /logpath .","/usr/bin/solar/solar.sh /cfg /usr/local/python/diamondrapids/pm/Solar/Cstate_DVFS/Cross_Products/cstate_dvfs_random.xml /logpath .","/usr/bin/solar/solar.sh /cfg /usr/local/python/diamondrapids/pm/Solar/Cstate_DVFS/Cross_Products/cstate_dvfs_random.xml /logpath .","24","2026-06-25"
"[NWP PM] PM Cross Product","PM Integration Testing","Solar Cross Products","22022421717","[Solar Cross-Product] Cross_Products-Cstate_DVFS-cstate_dvfs_random_exercise","silicon,virtual_platform","yes","/usr/bin/solar/solar.sh /cfg /usr/local/python/diamondrapids/pm/Solar/Cstate_DVFS/Cross_Products/cstate_dvfs_random_exercise.xml /logpath .","/usr/bin/solar/solar.sh /cfg /usr/local/python/diamondrapids/pm/Solar/Cstate_DVFS/Cross_Products/cstate_dvfs_random_exercise.xml /logpath .","/usr/bin/solar/solar.sh /cfg /usr/local/python/diamondrapids/pm/Solar/Cstate_DVFS/Cross_Products/cstate_dvfs_random_exercise.xml /logpath .","24","2026-06-30"
"[NWP PM] PM Cross Product","PM Integration Testing","Solar Cross Products","22022421718","[Solar Cross-Product] Cross_Products-Pstate_DVFS-pstate_dvfs_random","silicon,virtual_platform","yes","/usr/bin/solar/solar.sh /cfg /usr/local/python/diamondrapids/pm/Solar/Cross_Products/Pstate_DVFS/pstate_dvfs_random.xml /logpath .","/usr/bin/solar/solar.sh /cfg /usr/local/python/diamondrapids/pm/Solar/Cross_Products/Pstate_DVFS/pstate_dvfs_random.xml /logpath .","/usr/bin/solar/solar.sh /cfg /usr/local/python/diamondrapids/pm/Solar/Cross_Products/Pstate_DVFS/pstate_dvfs_random.xml /logpath .","25","2026-06-25"
"[NWP PM] PM Cross Product","PM Integration Testing","Solar Cross Products","22022421719","[Solar Cross-Product] Cross_Products-Pstate_DVFS-pstate_dvfs_random_exercise","silicon,virtual_platform","yes","/usr/bin/solar/solar.sh /cfg /usr/local/python/diamondrapids/pm/Solar/Cross_Products/Pstate_DVFS/pstate_dvfs_random_exercise.xml /logpath .","/usr/bin/solar/solar.sh /cfg /usr/local/python/diamondrapids/pm/Solar/Cross_Products/Pstate_DVFS/pstate_dvfs_random_exercise.xml /logpath .","/usr/bin/solar/solar.sh /cfg /usr/local/python/diamondrapids/pm/Solar/Cross_Products/Pstate_DVFS/pstate_dvfs_random_exercise.xml /logpath .","23","2026-06-25"
"[NWP PM] PM Cross Product","PM Integration Testing","Cross Products","22022423114","CBB DVFS x SB Harasser traffic","silicon,virtual_platform","no","echo manual_execution","echo manual_execution","echo manual_execution","16","2026-06-30"
"[NWP PM] PM Cross Product","PM Integration Testing","Cross Products","22022423115","DRAM RAPL x SB Harasser Traffic","silicon,virtual_platform","no","echo manual_execution","echo manual_execution","echo manual_execution","16","2026-07-02"
"[NWP PM] PM Cross Product","PM Integration Testing","Cross Products","22022423116","PEGA C states x SB Harasser traffic","silicon,virtual_platform","no","echo manual_execution","echo manual_execution","echo manual_execution","18","2026-06-30"
"[NWP PM] PM Cross Product","PM Integration Testing","Cross Products","22022423117","Solar C States x SB Harasser traffic","silicon,virtual_platform","no","echo manual_execution","echo manual_execution","echo manual_execution","16","2026-06-26"
"[NWP PM] PM Cross Product","PM Integration Testing","Cross Products","22022423119","Solar P States x SB Harasser traffic","silicon,virtual_platform","no","echo manual_execution","echo manual_execution","echo manual_execution","16","2026-07-01"
"[NWP PM] PM Cross Product","PM Integration Testing","Cross Products","22022423120","iMH DVFS x SB Harasser traffic","silicon,virtual_platform","no","echo manual_execution","echo manual_execution","echo manual_execution","16","2026-06-30"
"[NWP PM] PM Cross Product","PM Integration Testing","EndPoint Sweep","22022423121","CBB GPSB end point sweep","silicon,virtual_platform","no","echo manual_execution","echo manual_execution","echo manual_execution","2","2025-11-06"
"[NWP PM] PM Cross Product","PM Integration Testing","EndPoint Sweep","22022423122","CBB PMSB end point sweep","silicon,virtual_platform","no","echo manual_execution","echo manual_execution","echo manual_execution","2","2025-11-06"
"[NWP PM] PM Cross Product","PM Integration Testing","EndPoint Sweep","22022423123","iMH GPSB end point sweep","silicon,virtual_platform","no","echo manual_execution","echo manual_execution","echo manual_execution","2","2026-04-02"
"[NWP PM] PM Cross Product","PM Integration Testing","EndPoint Sweep","22022423125","iMH PMSB end point sweep","silicon,virtual_platform","no","echo manual_execution","echo manual_execution","echo manual_execution","2","2026-04-02"
"[NWP PM] Telemetry (PEM/PLR)","[NWP PM] PLR (Performance Limit Reasons)","Performance Limit Reason","22022422383","Platform Limit Reason Check","silicon,virtual_platform","yes","runPmx.py -x dmr.xml -p turbo -tM 60","fine_level_plr.py","fine_level_plr.py | thermalManagement.py","2","2026-01-15"
"[NWP PM] CBB CCF PM","CBB CCF Active States","CBB CCF GV BIOS Configuration","22022422850","CBB CCF GV BIOS Configuration","silicon,virtual_platform","yes","flexconPM.xml","flexconPM.xml","flexconPM.xml | thermalManagement.py","2","2025-09-09"
"[NWP PM] CBB CCF PM","CBB CCF Active States","CBB CCF GV PEGA","22022422851","CBB CCF GV PEGA Injection","silicon,virtual_platform","yes","python runPmx.py -x dmr.xml -p ccf_gv -H 1 -M 5","Active_PM\CCF_GV\ccf_gv.py","Active_PM\CCF_GV\ccf_gv.py","2","2026-01-15"
"[NWP PM] CBB CCF PM","CBB CCF Active States","CBB CCF GV TPMI Interface","22022422859","CBB CCF GV TPMI Request","silicon,virtual_platform","yes","python runPmx.py -x dmr.xml -p ccf_gv -H 1 -M 5","python runPmx.py -x dmr.xml -p ccf_gv -H 1 -M 5","Active_PM\CCF_GV\ccf_gv.py | python runPmx.py -x dmr.xml -p ccf_gv -H 1 -M 5","25","2026-06-30"
"[NWP PM] CBB CCF PM","CBB CCF Active States","CBB CCF VF Curves","22022422863","CBB CCF VF Curves","silicon,virtual_platform","yes","python runPmx.py -x dmr.xml -p ccf_gv -H 1 -M 5","Active_PM\CCF_GV\ccf_gv.py","Active_PM\CCF_GV\ccf_gv.py | thermalManagement.py","2","2025-09-09"
"[NWP PM] CBB CCF PM","CBB CCF Idle States","CBB CCF Idle states","22022422865","CBB CCF Fast Ring C3","silicon,virtual_platform","yes","python runPmx.py -x dmr.xml -p ccf_gv -H 1 -M 5","Active_PM\CCF_GV\cbb_ccf_pm_interface.py","Active_PM\CCF_GV\cbb_ccf_pm_interface.py | thermalManagement.py","2","2025-09-19"
"[NWP PM] CBB CCF PM","CBB CCF Idle States","CBB CCF Idle states","22022422868","CBB CCF PM Cstate wake events across Activeidle","silicon,virtual_platform","yes","python runPmx.py -x dmr.xml -p ccf_gv -H 1 -M 5","Active_PM\CCF_GV\ccf_gv.py","Active_PM\CCF_GV\ccf_gv.py","1","2025-10-23"
"[NWP PM] CBB CCF PM","CBB CCF NonAutoGV","CBB CCF NonAutoGV Mode - Drainless / Fast GV","22022422878","CBB CCF NonAutoGV Mode -  Fast GV","silicon,virtual_platform","yes","python runPmx.py -x dmr.xml -p ccf_gv -H 1 -M 5","Active_PM\CCF_GV\cbb_ccf_pm_interface.py","Active_PM\CCF_GV\cbb_ccf_pm_interface.py | thermalManagement.py","2","2025-10-23"
"[NWP PM] CBB CCF PM","CBB CCF Ring Frequency Scalability","CBB  CCF PMON","22022422886","CBB CCF PMON","silicon,virtual_platform","yes","python runPmx.py -x dmr.xml -p ccf_gv -H 1 -M 5","Active_PM\CCF_GV\pmon.py,PMON","Active_PM\CCF_GV\pmon.py,PMON","2","2025-09-26"
"[NWP PM] CBB CCF PM","CBB CCF Ring Frequency Scalability","CBB CCF CBO Telemetry","22022422889","CBB CCF CBO Telemetry","silicon,virtual_platform","yes","python runPmx.py -x dmr.xml -p ccf_gv -H 1 -M 5","Active_PM\CCF_GV\cbb_ccf_pm_interface.py","Active_PM\CCF_GV\cbb_ccf_pm_interface.py","2","2026-01-16"
"[NWP PM] CBB CCF PM","CBB CCF Ring Frequency Scalability","CBB CCF Message To Punit","22022422896","CBB CCF Message to Punit","silicon,virtual_platform","yes","python runPmx.py -x dmr.xml -p ccf_gv -H 1 -M 5","Active_PM\CCF_GV\cbb_ccf_pm_interface.py","Active_PM\CCF_GV\cbb_ccf_pm_interface.py | thermalManagement.py","2","2025-09-25"
"[NWP PM] CBB CCF PM","CBB CCF Ring Frequency Scalability","CBB CCF SBO Telemetry","22022422900","CBB CCF SBO Telemetry","silicon,virtual_platform","yes","python runPmx.py -x dmr.xml -p ccf_gv -H 1 -M 5","Active_PM\CCF_GV\cbb_ccf_pm_interface.py","Active_PM\CCF_GV\cbb_ccf_pm_interface.py","2","2026-01-16"
"[NWP PM] CBB CCF PM","CBB CCF Ring Frequency Scalability","CCB CCF PCODE algorithm for distress input","22022422905","CBB CCF PCODE algorithm for distress input","silicon,virtual_platform","yes","python runPmx.py -x dmr.xml -p ccf_gv -H 1 -M 5","Active_PM\CCF_GV\cbb_ccf_pm_interface.py","Active_PM\CCF_GV\cbb_ccf_pm_interface.py","2","2026-01-15"
